,state,county,percent_vac
0,AK,ALEUTIANS EAST BOROUGH,0.723
1,AK,ALEUTIANS WEST CENSUS AREA,0.618
2,AK,ANCHORAGE MUNICIPALITY,0.564
3,AK,BETHEL CENSUS AREA,0.571
5,AK,DENALI BOROUGH,0.491
6,AK,DILLINGHAM CENSUS AREA,0.434
7,AK,FAIRBANKS NORTH STAR BOROUGH,0.472
8,AK,HAINES BOROUGH,0.632
9,AK,HOONAH-ANGOON CENSUS AREA,0.665
10,AK,JUNEAU CITY AND BOROUGH,0.674
11,AK,KENAI PENINSULA BOROUGH,0.413
12,AK,KETCHIKAN GATEWAY BOROUGH,0.574
13,AK,KODIAK ISLAND BOROUGH,0.566
14,AK,KUSILVAK CENSUS AREA,0.584
15,AK,LAKE AND PENINSULA BOROUGH,0.555
16,AK,MATANUSKA-SUSITNA BOROUGH,0.324
17,AK,NOME CENSUS AREA,0.614
18,AK,NORTH SLOPE BOROUGH,0.328
19,AK,NORTHWEST ARCTIC BOROUGH,0.497
20,AK,PETERSBURG BOROUGH,0.663
21,AK,PRINCE OF WALES-HYDER CENSUS AREA,0.506
22,AK,SITKA CITY AND BOROUGH,0.676
23,AK,SKAGWAY MUNICIPALITY,0.675
24,AK,SOUTHEAST FAIRBANKS CENSUS AREA,0.28
25,AK,VALDEZ-CORDOVA CENSUS AREA,0.517
26,AK,WRANGELL CITY AND BOROUGH,0.501
27,AK,YAKUTAT CITY AND BOROUGH,0.686
28,AK,YUKON-KOYUKUK CENSUS AREA,0.62
29,AL,AUTAUGA,0.367
30,AL,BALDWIN,0.453
31,AL,BARBOUR,0.374
32,AL,BIBB,0.321
33,AL,BLOUNT,0.262
34,AL,BULLOCK,0.459
35,AL,BUTLER,0.369
36,AL,CALHOUN,0.405
37,AL,CHAMBERS,0.272
38,AL,CHEROKEE,0.283
39,AL,CHILTON,0.311
40,AL,CHOCTAW,0.583
41,AL,CLARKE,0.45
42,AL,CLAY,0.372
43,AL,CLEBURNE,0.268
44,AL,COFFEE,0.336
45,AL,COLBERT,0.435
46,AL,CONECUH,0.402
47,AL,COOSA,0.363
48,AL,COVINGTON,0.335
49,AL,CRENSHAW,0.314
50,AL,CULLMAN,0.334
51,AL,DALE,0.446
52,AL,DALLAS,0.409
53,AL,DEKALB,0.284
54,AL,ELMORE,0.403
55,AL,ESCAMBIA,0.326
56,AL,ETOWAH,0.356
57,AL,FAYETTE,0.306
58,AL,FRANKLIN,0.393
59,AL,GENEVA,0.334
60,AL,GREENE,0.469
61,AL,HALE,0.535
62,AL,HENRY,0.399
63,AL,HOUSTON,0.378
64,AL,JACKSON,0.415
65,AL,JEFFERSON,0.535
66,AL,LAMAR,0.37
67,AL,LAUDERDALE,0.437
68,AL,LAWRENCE,0.409
69,AL,LEE,0.351
70,AL,LIMESTONE,0.31
71,AL,LOWNDES,0.474
72,AL,MACON,0.441
73,AL,MADISON,0.546
74,AL,MARENGO,0.484
75,AL,MARION,0.316
76,AL,MARSHALL,0.378
77,AL,MOBILE,0.421
78,AL,MONROE,0.393
79,AL,MONTGOMERY,0.488
80,AL,MORGAN,0.383
81,AL,PERRY,0.437
82,AL,PICKENS,0.432
83,AL,PIKE,0.362
84,AL,RANDOLPH,0.293
85,AL,RUSSELL,0.348
86,AL,ST. CLAIR,0.341
87,AL,SHELBY,0.328
88,AL,SUMTER,0.473
89,AL,TALLADEGA,0.33
90,AL,TALLAPOOSA,0.347
91,AL,TUSCALOOSA,0.388
92,AL,WALKER,0.415
93,AL,WASHINGTON,0.381
94,AL,WILCOX,0.493
95,AL,WINSTON,0.196
96,AR,ARKANSAS,0.497
97,AR,ASHLEY,0.428
98,AR,BAXTER,0.44
99,AR,BENTON,0.463
100,AR,BOONE,0.338
101,AR,BRADLEY,0.503
102,AR,CALHOUN,0.315
103,AR,CARROLL,0.385
104,AR,CHICOT,0.482
105,AR,CLARK,0.443
106,AR,CLAY,0.397
107,AR,CLEBURNE,0.407
108,AR,CLEVELAND,0.466
109,AR,COLUMBIA,0.417
110,AR,CONWAY,0.48
111,AR,CRAIGHEAD,0.388
112,AR,CRAWFORD,0.402
113,AR,CRITTENDEN,0.368
114,AR,CROSS,0.442
115,AR,DALLAS,0.507
116,AR,DESHA,0.53
117,AR,DREW,0.43
118,AR,FAULKNER,0.44
119,AR,FRANKLIN,0.418
120,AR,FULTON,0.281
121,AR,GARLAND,0.422
122,AR,GRANT,0.413
123,AR,GREENE,0.376
124,AR,HEMPSTEAD,0.28
125,AR,HOT SPRING,0.383
126,AR,HOWARD,0.411
127,AR,INDEPENDENCE,0.358
128,AR,IZARD,0.339
129,AR,JACKSON,0.337
130,AR,JEFFERSON,0.393
131,AR,JOHNSON,0.411
132,AR,LAFAYETTE,0.325
133,AR,LAWRENCE,0.391
134,AR,LEE,0.31
135,AR,LINCOLN,0.3
136,AR,LITTLE RIVER,0.257
137,AR,LOGAN,0.406
138,AR,LONOKE,0.427
139,AR,MADISON,0.37
140,AR,MARION,0.334
141,AR,MILLER,0.124
142,AR,MISSISSIPPI,0.342
143,AR,MONROE,0.515
144,AR,MONTGOMERY,0.334
145,AR,NEVADA,0.361
146,AR,NEWTON,0.31
147,AR,OUACHITA,0.473
148,AR,PERRY,0.461
149,AR,PHILLIPS,0.41
150,AR,PIKE,0.385
151,AR,POINSETT,0.388
152,AR,POLK,0.309
153,AR,POPE,0.432
154,AR,PRAIRIE,0.397
155,AR,PULASKI,0.518
156,AR,RANDOLPH,0.355
157,AR,ST. FRANCIS,0.425
158,AR,SALINE,0.442
159,AR,SCOTT,0.375
160,AR,SEARCY,0.359
161,AR,SEBASTIAN,0.433
162,AR,SEVIER,0.348
163,AR,SHARP,0.364
164,AR,STONE,0.341
165,AR,UNION,0.444
166,AR,VAN BUREN,0.386
167,AR,WASHINGTON,0.484
168,AR,WHITE,0.407
169,AR,WOODRUFF,0.517
170,AR,YELL,0.393
171,AZ,APACHE,0.755
172,AZ,COCHISE,0.558
173,AZ,COCONINO,0.698
174,AZ,GILA,0.539
175,AZ,GRAHAM,0.522
176,AZ,GREENLEE,0.365
177,AZ,LA PAZ,0.442
178,AZ,MARICOPA,0.509
179,AZ,MOHAVE,0.391
180,AZ,NAVAJO,0.605
181,AZ,PIMA,0.613
182,AZ,PINAL,0.458
183,AZ,SANTA CRUZ,0.814
184,AZ,YAVAPAI,0.456
185,AZ,YUMA,0.586
186,CA,ALAMEDA,0.711
187,CA,ALPINE,0.731
188,CA,AMADOR,0.533
189,CA,BUTTE,0.459
190,CA,CALAVERAS,0.471
191,CA,COLUSA,0.477
192,CA,CONTRA COSTA,0.705
193,CA,DEL NORTE,0.388
194,CA,EL DORADO,0.551
195,CA,FRESNO,0.508
196,CA,GLENN,0.445
197,CA,HUMBOLDT,0.576
198,CA,IMPERIAL,0.73
199,CA,INYO,0.517
200,CA,KERN,0.424
201,CA,KINGS,0.355
202,CA,LAKE,0.482
203,CA,LASSEN,0.226
204,CA,LOS ANGELES,0.633
205,CA,MADERA,0.45
206,CA,MARIN,0.798
207,CA,MARIPOSA,0.449
208,CA,MENDOCINO,0.605
209,CA,MERCED,0.398
210,CA,MODOC,0.37
211,CA,MONO,0.621
212,CA,MONTEREY,0.619
213,CA,NAPA,0.725
214,CA,NEVADA,0.574
215,CA,ORANGE,0.639
216,CA,PLACER,0.576
217,CA,PLUMAS,0.498
218,CA,RIVERSIDE,0.505
219,CA,SACRAMENTO,0.567
220,CA,SAN BENITO,0.598
221,CA,SAN BERNARDINO,0.475
222,CA,SAN DIEGO,0.751
223,CA,SAN FRANCISCO,0.762
224,CA,SAN JOAQUIN,0.484
225,CA,SAN LUIS OBISPO,0.582
226,CA,SAN MATEO,0.751
227,CA,SANTA BARBARA,0.617
228,CA,SANTA CLARA,0.759
229,CA,SANTA CRUZ,0.672
230,CA,SHASTA,0.399
231,CA,SIERRA,0.495
232,CA,SISKIYOU,0.433
233,CA,SOLANO,0.591
234,CA,SONOMA,0.699
235,CA,STANISLAUS,0.492
236,CA,SUTTER,0.5
237,CA,TEHAMA,0.345
238,CA,TRINITY,0.439
239,CA,TULARE,0.432
240,CA,TUOLUMNE,0.37
241,CA,VENTURA,0.635
242,CA,YOLO,0.62
243,CA,YUBA,0.382
244,CO,ADAMS,0.571
245,CO,ALAMOSA,0.487
246,CO,ARAPAHOE,0.578
247,CO,ARCHULETA,0.525
248,CO,BACA,0.334
249,CO,BENT,0.212
250,CO,BOULDER,0.702
251,CO,BROOMFIELD,0.711
252,CO,CHAFFEE,0.582
253,CO,CHEYENNE,0.26
254,CO,CLEAR CREEK,0.441
255,CO,CONEJOS,0.403
256,CO,COSTILLA,0.509
257,CO,CROWLEY,0.181
258,CO,CUSTER,0.424
259,CO,DELTA,0.424
260,CO,DENVER,0.665
261,CO,DOLORES,0.376
262,CO,DOUGLAS,0.636
263,CO,EAGLE,0.727
264,CO,ELBERT,0.318
265,CO,EL PASO,0.539
266,CO,FREMONT,0.388
267,CO,GARFIELD,0.551
268,CO,GILPIN,0.536
269,CO,GRAND,0.588
270,CO,GUNNISON,0.629
271,CO,HINSDALE,0.529
272,CO,HUERFANO,0.475
273,CO,JACKSON,0.375
274,CO,JEFFERSON,0.694
275,CO,KIOWA,0.328
276,CO,KIT CARSON,0.325
277,CO,LAKE,0.554
278,CO,LA PLATA,0.646
279,CO,LARIMER,0.605
280,CO,LAS ANIMAS,0.529
281,CO,LINCOLN,0.296
282,CO,LOGAN,0.306
283,CO,MESA,0.441
284,CO,MINERAL,0.691
285,CO,MOFFAT,0.366
286,CO,MONTEZUMA,0.574
287,CO,MONTROSE,0.426
288,CO,MORGAN,0.401
289,CO,OTERO,0.403
290,CO,OURAY,0.602
291,CO,PARK,0.421
292,CO,PHILLIPS,0.467
293,CO,PITKIN,0.793
294,CO,PROWERS,0.356
295,CO,PUEBLO,0.481
296,CO,RIO BLANCO,0.347
297,CO,RIO GRANDE,0.542
298,CO,ROUTT,0.689
299,CO,SAGUACHE,0.301
300,CO,SAN JUAN,0.897
301,CO,SAN MIGUEL,0.774
302,CO,SEDGWICK,0.445
303,CO,SUMMIT,0.788
304,CO,TELLER,0.48
305,CO,WASHINGTON,0.265
306,CO,WELD,0.514
307,CO,YUMA,0.378
308,CT,FAIRFIELD,0.739
309,CT,HARTFORD,0.68
310,CT,LITCHFIELD,0.693
311,CT,MIDDLESEX,0.767
312,CT,NEW HAVEN,0.692
313,CT,NEW LONDON,0.699
314,CT,TOLLAND,0.609
315,CT,WINDHAM,0.567
316,DC,DISTRICT OF COLUMBIA,0.651
317,DE,KENT,0.473
318,DE,NEW CASTLE,0.624
319,DE,SUSSEX,0.617
320,FL,ALACHUA,0.594
321,FL,BAKER,0.32
322,FL,BAY,0.438
323,FL,BRADFORD,0.382
324,FL,BREVARD,0.578
325,FL,BROWARD,0.65
326,FL,CALHOUN,0.315
327,FL,CHARLOTTE,0.654
328,FL,CITRUS,0.521
329,FL,CLAY,0.435
330,FL,COLLIER,0.648
331,FL,COLUMBIA,0.36
332,FL,DESOTO,0.422
333,FL,DIXIE,0.336
334,FL,DUVAL,0.528
335,FL,ESCAMBIA,0.465
336,FL,FLAGLER,0.583
337,FL,FRANKLIN,0.412
338,FL,GADSDEN,0.511
339,FL,GILCHRIST,0.311
340,FL,GLADES,0.271
341,FL,GULF,0.452
342,FL,HAMILTON,0.313
343,FL,HARDEE,0.339
344,FL,HENDRY,0.405
345,FL,HERNANDO,0.478
346,FL,HIGHLANDS,0.505
347,FL,HILLSBOROUGH,0.553
348,FL,HOLMES,0.272
349,FL,INDIAN RIVER,0.648
350,FL,JACKSON,0.391
351,FL,JEFFERSON,0.586
352,FL,LAFAYETTE,0.329
353,FL,LAKE,0.598
354,FL,LEE,0.565
355,FL,LEON,0.513
356,FL,LEVY,0.409
357,FL,LIBERTY,0.312
358,FL,MADISON,0.4
359,FL,MANATEE,0.557
360,FL,MARION,0.501
361,FL,MARTIN,0.603
362,FL,MIAMI-DADE,0.774
363,FL,MONROE,0.724
364,FL,NASSAU,0.517
365,FL,OKALOOSA,0.49
366,FL,OKEECHOBEE,0.398
367,FL,ORANGE,0.612
368,FL,OSCEOLA,0.629
369,FL,PALM BEACH,0.602
370,FL,PASCO,0.519
371,FL,PINELLAS,0.588
372,FL,POLK,0.487
373,FL,PUTNAM,0.366
374,FL,ST. JOHNS,0.618
375,FL,ST. LUCIE,0.521
376,FL,SANTA ROSA,0.444
377,FL,SARASOTA,0.684
378,FL,SEMINOLE,0.54
379,FL,SUMTER,0.774
380,FL,SUWANNEE,0.327
381,FL,TAYLOR,0.348
382,FL,UNION,0.406
383,FL,VOLUSIA,0.542
384,FL,WAKULLA,0.418
385,FL,WALTON,0.422
386,FL,WASHINGTON,0.301
387,GA,APPLING,0.286
388,GA,ATKINSON,0.286
389,GA,BACON,0.249
390,GA,BAKER,0.384
391,GA,BALDWIN,0.377
392,GA,BANKS,0.251
393,GA,BARROW,0.338
394,GA,BARTOW,0.312
395,GA,BEN HILL,0.323
396,GA,BERRIEN,0.263
397,GA,BIBB,0.388
398,GA,BLECKLEY,0.29
399,GA,BRANTLEY,0.199
400,GA,BROOKS,0.372
401,GA,BRYAN,0.404
402,GA,BULLOCH,0.281
403,GA,BURKE,0.382
404,GA,BUTTS,0.276
405,GA,CALHOUN,0.4
406,GA,CAMDEN,0.314
407,GA,CANDLER,0.355
408,GA,CARROLL,0.31
409,GA,CATOOSA,0.331
410,GA,CHARLTON,0.173
411,GA,CHATHAM,0.467
412,GA,CHATTAHOOCHEE,0.175
413,GA,CHATTOOGA,0.314
414,GA,CHEROKEE,0.436
415,GA,CLARKE,0.42
416,GA,CLAY,0.562
417,GA,CLAYTON,0.36
418,GA,CLINCH,0.319
419,GA,COBB,0.523
420,GA,COFFEE,0.295
421,GA,COLQUITT,0.339
422,GA,COLUMBIA,0.388
423,GA,COOK,0.333
424,GA,COWETA,0.372
425,GA,CRAWFORD,0.32
426,GA,CRISP,0.373
427,GA,DADE,0.29
428,GA,DAWSON,0.335
429,GA,DECATUR,0.376
430,GA,DEKALB,0.5
431,GA,DODGE,0.294
432,GA,DOOLY,0.305
433,GA,DOUGHERTY,0.396
434,GA,DOUGLAS,0.392
435,GA,EARLY,0.397
436,GA,ECHOLS,0.253
437,GA,EFFINGHAM,0.311
438,GA,ELBERT,0.361
439,GA,EMANUEL,0.308
440,GA,EVANS,0.353
441,GA,FANNIN,0.36
442,GA,FAYETTE,0.561
443,GA,FLOYD,0.357
444,GA,FORSYTH,0.482
445,GA,FRANKLIN,0.309
446,GA,FULTON,0.516
447,GA,GILMER,0.373
448,GA,GLASCOCK,0.274
449,GA,GLYNN,0.432
450,GA,GORDON,0.317
451,GA,GRADY,0.341
452,GA,GREENE,0.482
453,GA,GWINNETT,0.496
454,GA,HABERSHAM,0.347
455,GA,HALL,0.388
456,GA,HANCOCK,0.42
457,GA,HARALSON,0.278
458,GA,HARRIS,0.385
459,GA,HART,0.33
460,GA,HEARD,0.232
461,GA,HENRY,0.379
462,GA,HOUSTON,0.371
463,GA,IRWIN,0.308
464,GA,JACKSON,0.353
465,GA,JASPER,0.29
466,GA,JEFF DAVIS,0.246
467,GA,JEFFERSON,0.44
468,GA,JENKINS,0.291
469,GA,JOHNSON,0.275
470,GA,JONES,0.359
471,GA,LAMAR,0.292
472,GA,LANIER,0.227
473,GA,LAURENS,0.356
474,GA,LEE,0.428
475,GA,LIBERTY,0.245
476,GA,LINCOLN,0.4
477,GA,LONG,0.163
478,GA,LOWNDES,0.304
479,GA,LUMPKIN,0.308
480,GA,MCDUFFIE,0.376
481,GA,MCINTOSH,0.339
482,GA,MACON,0.358
483,GA,MADISON,0.375
484,GA,MARION,0.346
485,GA,MERIWETHER,0.347
486,GA,MILLER,0.432
487,GA,MITCHELL,0.366
488,GA,MONROE,0.381
489,GA,MONTGOMERY,0.282
490,GA,MORGAN,0.398
491,GA,MURRAY,0.301
492,GA,MUSCOGEE,0.36
493,GA,NEWTON,0.358
494,GA,OCONEE,0.522
495,GA,OGLETHORPE,0.371
496,GA,PAULDING,0.317
497,GA,PEACH,0.385
498,GA,PICKENS,0.385
499,GA,PIERCE,0.276
500,GA,PIKE,0.266
501,GA,POLK,0.313
502,GA,PULASKI,0.305
503,GA,PUTNAM,0.37
504,GA,QUITMAN,0.331
505,GA,RABUN,0.418
506,GA,RANDOLPH,0.386
507,GA,RICHMOND,0.35
508,GA,ROCKDALE,0.441
509,GA,SCHLEY,0.272
510,GA,SCREVEN,0.383
511,GA,SEMINOLE,0.372
512,GA,SPALDING,0.341
513,GA,STEPHENS,0.346
514,GA,STEWART,0.274
515,GA,SUMTER,0.429
516,GA,TALBOT,0.414
517,GA,TALIAFERRO,0.401
518,GA,TATTNALL,0.275
519,GA,TAYLOR,0.379
520,GA,TELFAIR,0.229
521,GA,TERRELL,0.466
522,GA,THOMAS,0.406
523,GA,TIFT,0.341
524,GA,TOOMBS,0.323
525,GA,TOWNS,0.458
526,GA,TREUTLEN,0.254
527,GA,TROUP,0.301
528,GA,TURNER,0.42
529,GA,TWIGGS,0.454
530,GA,UNION,0.415
531,GA,UPSON,0.37
532,GA,WALKER,0.283
533,GA,WALTON,0.352
534,GA,WARE,0.32
535,GA,WARREN,0.408
536,GA,WASHINGTON,0.363
537,GA,WAYNE,0.295
538,GA,WEBSTER,0.382
539,GA,WHEELER,0.202
540,GA,WHITE,0.314
541,GA,WHITFIELD,0.374
542,GA,WILCOX,0.304
543,GA,WILKES,0.401
544,GA,WILKINSON,0.438
545,GA,WORTH,0.346
546,HI,HAWAII,0.673
547,HI,HONOLULU,0.701
549,HI,KAUAI,0.642
550,HI,MAUI,0.63
551,IA,ADAIR,0.443
552,IA,ADAMS,0.477
553,IA,ALLAMAKEE,0.463
554,IA,APPANOOSE,0.413
555,IA,AUDUBON,0.523
556,IA,BENTON,0.506
557,IA,BLACK HAWK,0.523
558,IA,BOONE,0.567
559,IA,BREMER,0.528
560,IA,BUCHANAN,0.47
561,IA,BUENA VISTA,0.541
562,IA,BUTLER,0.515
563,IA,CALHOUN,0.528
564,IA,CARROLL,0.55
565,IA,CASS,0.523
566,IA,CEDAR,0.533
567,IA,CERRO GORDO,0.554
568,IA,CHEROKEE,0.476
569,IA,CHICKASAW,0.474
570,IA,CLARKE,0.468
571,IA,CLAY,0.466
572,IA,CLAYTON,0.433
573,IA,CLINTON,0.483
574,IA,CRAWFORD,0.461
575,IA,DALLAS,0.566
576,IA,DAVIS,0.322
577,IA,DECATUR,0.359
578,IA,DELAWARE,0.467
579,IA,DES MOINES,0.447
580,IA,DICKINSON,0.53
581,IA,DUBUQUE,0.573
582,IA,EMMET,0.464
583,IA,FAYETTE,0.481
584,IA,FLOYD,0.467
585,IA,FRANKLIN,0.463
586,IA,FREMONT,0.449
587,IA,GREENE,0.512
588,IA,GRUNDY,0.553
589,IA,GUTHRIE,0.526
590,IA,HAMILTON,0.551
591,IA,HANCOCK,0.43
592,IA,HARDIN,0.484
593,IA,HARRISON,0.462
594,IA,HENRY,0.472
595,IA,HOWARD,0.444
596,IA,HUMBOLDT,0.439
597,IA,IDA,0.431
598,IA,IOWA,0.559
599,IA,JACKSON,0.466
600,IA,JASPER,0.513
601,IA,JEFFERSON,0.434
602,IA,JOHNSON,0.648
603,IA,JONES,0.525
604,IA,KEOKUK,0.414
605,IA,KOSSUTH,0.476
606,IA,LEE,0.449
607,IA,LINN,0.587
608,IA,LOUISA,0.447
609,IA,LUCAS,0.401
610,IA,LYON,0.356
611,IA,MADISON,0.475
612,IA,MAHASKA,0.38
613,IA,MARION,0.462
614,IA,MARSHALL,0.56
615,IA,MILLS,0.481
616,IA,MITCHELL,0.425
617,IA,MONONA,0.478
618,IA,MONROE,0.411
619,IA,MONTGOMERY,0.499
620,IA,MUSCATINE,0.526
621,IA,O'BRIEN,0.447
622,IA,OSCEOLA,0.407
623,IA,PAGE,0.478
624,IA,PALO ALTO,0.449
625,IA,PLYMOUTH,0.454
626,IA,POCAHONTAS,0.464
627,IA,POLK,0.586
628,IA,POTTAWATTAMIE,0.496
629,IA,POWESHIEK,0.52
630,IA,RINGGOLD,0.456
631,IA,SAC,0.459
632,IA,SCOTT,0.541
633,IA,SHELBY,0.526
634,IA,SIOUX,0.361
635,IA,STORY,0.562
636,IA,TAMA,0.547
637,IA,TAYLOR,0.418
638,IA,UNION,0.454
639,IA,VAN BUREN,0.361
640,IA,WAPELLO,0.424
641,IA,WARREN,0.524
642,IA,WASHINGTON,0.505
643,IA,WAYNE,0.368
644,IA,WEBSTER,0.512
645,IA,WINNEBAGO,0.47
646,IA,WINNESHIEK,0.551
647,IA,WOODBURY,0.481
648,IA,WORTH,0.454
649,IA,WRIGHT,0.501
650,ID,ADA,0.507
651,ID,ADAMS,0.367
652,ID,BANNOCK,0.416
653,ID,BEAR LAKE,0.374
654,ID,BENEWAH,0.403
655,ID,BINGHAM,0.363
656,ID,BLAINE,0.696
657,ID,BOISE,0.29
658,ID,BONNER,0.363
659,ID,BONNEVILLE,0.4
660,ID,BOUNDARY,0.278
661,ID,BUTTE,0.361
662,ID,CAMAS,0.347
663,ID,CANYON,0.341
664,ID,CARIBOU,0.297
665,ID,CASSIA,0.286
666,ID,CLARK,0.318
667,ID,CLEARWATER,0.352
668,ID,CUSTER,0.39
669,ID,ELMORE,0.43
670,ID,FRANKLIN,0.327
671,ID,FREMONT,0.357
672,ID,GEM,0.332
673,ID,GOODING,0.328
674,ID,IDAHO,0.251
675,ID,JEFFERSON,0.306
676,ID,JEROME,0.325
677,ID,KOOTENAI,0.379
678,ID,LATAH,0.48
679,ID,LEMHI,0.399
680,ID,LEWIS,0.4
681,ID,LINCOLN,0.314
682,ID,MADISON,0.404
683,ID,MINIDOKA,0.305
684,ID,NEZ PERCE,0.433
685,ID,ONEIDA,0.338
686,ID,OWYHEE,0.259
687,ID,PAYETTE,0.259
688,ID,POWER,0.406
689,ID,SHOSHONE,0.366
690,ID,TETON,0.525
691,ID,TWIN FALLS,0.369
692,ID,VALLEY,0.525
693,ID,WASHINGTON,0.341
694,IL,ADAMS,0.547
695,IL,ALEXANDER,0.21
696,IL,BOND,0.473
697,IL,BOONE,0.588
698,IL,BROWN,0.54
699,IL,BUREAU,0.56
700,IL,CALHOUN,0.439
701,IL,CARROLL,0.479
702,IL,CASS,0.593
703,IL,CHAMPAIGN,0.644
704,IL,CHRISTIAN,0.462
705,IL,CLARK,0.436
706,IL,CLAY,0.375
707,IL,CLINTON,0.572
708,IL,COLES,0.457
709,IL,COOK,0.701
710,IL,CRAWFORD,0.475
711,IL,CUMBERLAND,0.384
712,IL,DEKALB,0.564
713,IL,DE WITT,0.519
714,IL,DOUGLAS,0.469
715,IL,DUPAGE,0.782
716,IL,EDGAR,0.44
717,IL,EDWARDS,0.349
718,IL,EFFINGHAM,0.463
719,IL,FAYETTE,0.325
720,IL,FORD,0.552
721,IL,FRANKLIN,0.409
722,IL,FULTON,0.591
723,IL,GALLATIN,0.455
724,IL,GREENE,0.397
725,IL,GRUNDY,0.557
726,IL,HAMILTON,0.332
727,IL,HANCOCK,0.408
728,IL,HARDIN,0.346
729,IL,HENDERSON,0.285
730,IL,HENRY,0.59
731,IL,IROQUOIS,0.475
732,IL,JACKSON,0.514
733,IL,JASPER,0.421
734,IL,JEFFERSON,0.423
735,IL,JERSEY,0.547
736,IL,JO DAVIESS,0.514
737,IL,JOHNSON,0.44
738,IL,KANE,0.658
739,IL,KANKAKEE,0.485
740,IL,KENDALL,0.667
741,IL,KNOX,0.602
742,IL,LAKE,0.684
743,IL,LASALLE,0.589
744,IL,LAWRENCE,0.412
745,IL,LEE,0.614
746,IL,LIVINGSTON,0.514
747,IL,LOGAN,0.558
748,IL,MCDONOUGH,0.503
749,IL,MCHENRY,0.659
750,IL,MCLEAN,0.644
751,IL,MACON,0.518
752,IL,MACOUPIN,0.543
753,IL,MADISON,0.585
754,IL,MARION,0.426
755,IL,MARSHALL,0.576
756,IL,MASON,0.547
757,IL,MASSAC,0.371
758,IL,MENARD,0.58
759,IL,MERCER,0.557
760,IL,MONROE,0.62
761,IL,MONTGOMERY,0.518
762,IL,MORGAN,0.551
763,IL,MOULTRIE,0.427
764,IL,OGLE,0.571
765,IL,PEORIA,0.607
766,IL,PERRY,0.462
767,IL,PIATT,0.572
768,IL,PIKE,0.397
769,IL,POPE,0.315
770,IL,PULASKI,0.312
771,IL,PUTNAM,0.562
772,IL,RANDOLPH,0.496
773,IL,RICHLAND,0.449
774,IL,ROCK ISLAND,0.517
775,IL,ST. CLAIR,0.559
776,IL,SALINE,0.443
777,IL,SANGAMON,0.661
778,IL,SCHUYLER,0.533
779,IL,SCOTT,0.413
780,IL,SHELBY,0.392
781,IL,STARK,0.542
782,IL,STEPHENSON,0.534
783,IL,TAZEWELL,0.604
784,IL,UNION,0.515
785,IL,VERMILION,0.43
786,IL,WABASH,0.433
787,IL,WARREN,0.499
788,IL,WASHINGTON,0.561
789,IL,WAYNE,0.381
790,IL,WHITE,0.413
791,IL,WHITESIDE,0.567
792,IL,WILL,0.654
793,IL,WILLIAMSON,0.485
794,IL,WINNEBAGO,0.568
795,IL,WOODFORD,0.576
796,IN,ADAMS,0.298
797,IN,ALLEN,0.466
798,IN,BARTHOLOMEW,0.518
799,IN,BENTON,0.361
800,IN,BLACKFORD,0.397
801,IN,BOONE,0.626
802,IN,BROWN,0.451
803,IN,CARROLL,0.298
804,IN,CASS,0.383
805,IN,CLARK,0.534
806,IN,CLAY,0.479
807,IN,CLINTON,0.415
808,IN,CRAWFORD,0.327
809,IN,DAVIESS,0.281
810,IN,DEARBORN,0.455
811,IN,DECATUR,0.419
812,IN,DEKALB,0.378
813,IN,DELAWARE,0.428
814,IN,DUBOIS,0.493
815,IN,ELKHART,0.374
816,IN,FAYETTE,0.333
817,IN,FLOYD,0.511
818,IN,FOUNTAIN,0.404
819,IN,FRANKLIN,0.269
820,IN,FULTON,0.353
821,IN,GIBSON,0.407
822,IN,GRANT,0.372
823,IN,GREENE,0.351
824,IN,HAMILTON,0.634
825,IN,HANCOCK,0.594
826,IN,HARRISON,0.447
827,IN,HENDRICKS,0.63
828,IN,HENRY,0.454
829,IN,HOWARD,0.416
830,IN,HUNTINGTON,0.452
831,IN,JACKSON,0.454
832,IN,JASPER,0.409
833,IN,JAY,0.332
834,IN,JEFFERSON,0.492
835,IN,JENNINGS,0.347
836,IN,JOHNSON,0.518
837,IN,KNOX,0.433
838,IN,KOSCIUSKO,0.359
839,IN,LAGRANGE,0.201
840,IN,LAKE,0.496
841,IN,LAPORTE,0.5
842,IN,LAWRENCE,0.431
843,IN,MADISON,0.456
844,IN,MARION,0.488
845,IN,MARSHALL,0.392
846,IN,MARTIN,0.414
847,IN,MIAMI,0.353
848,IN,MONROE,0.544
849,IN,MONTGOMERY,0.403
850,IN,MORGAN,0.472
851,IN,NEWTON,0.274
852,IN,NOBLE,0.344
853,IN,OHIO,0.644
854,IN,ORANGE,0.488
855,IN,OWEN,0.377
856,IN,PARKE,0.344
857,IN,PERRY,0.499
858,IN,PIKE,0.505
859,IN,PORTER,0.506
860,IN,POSEY,0.416
861,IN,PULASKI,0.393
862,IN,PUTNAM,0.371
863,IN,RANDOLPH,0.381
864,IN,RIPLEY,0.405
865,IN,RUSH,0.413
866,IN,ST. JOSEPH,0.522
867,IN,SCOTT,0.39
868,IN,SHELBY,0.499
869,IN,SPENCER,0.388
870,IN,STARKE,0.323
871,IN,STEUBEN,0.425
872,IN,SULLIVAN,0.415
873,IN,SWITZERLAND,0.269
874,IN,TIPPECANOE,0.514
875,IN,TIPTON,0.401
876,IN,UNION,0.392
877,IN,VANDERBURGH,0.506
878,IN,VERMILLION,0.402
879,IN,VIGO,0.438
880,IN,WABASH,0.375
881,IN,WARREN,0.397
882,IN,WARRICK,0.556
883,IN,WASHINGTON,0.352
884,IN,WAYNE,0.416
885,IN,WELLS,0.375
886,IN,WHITE,0.487
887,IN,WHITLEY,0.423
888,KS,ALLEN,0.391
889,KS,ANDERSON,0.371
890,KS,ATCHISON,0.388
891,KS,BARBER,0.41
892,KS,BARTON,0.372
893,KS,BOURBON,0.324
894,KS,BROWN,0.514
895,KS,BUTLER,0.412
896,KS,CHASE,0.385
897,KS,CHAUTAUQUA,0.363
898,KS,CHEROKEE,0.399
899,KS,CHEYENNE,0.409
900,KS,CLARK,0.412
901,KS,CLAY,0.486
902,KS,CLOUD,0.41
903,KS,COFFEY,0.443
904,KS,COMANCHE,0.411
905,KS,COWLEY,0.416
906,KS,CRAWFORD,0.422
907,KS,DECATUR,0.35
908,KS,DICKINSON,0.455
909,KS,DONIPHAN,0.378
910,KS,DOUGLAS,0.65
911,KS,EDWARDS,0.415
912,KS,ELK,0.29
913,KS,ELLIS,0.435
914,KS,ELLSWORTH,0.482
915,KS,FINNEY,0.405
916,KS,FORD,0.359
917,KS,FRANKLIN,0.443
918,KS,GEARY,0.61
919,KS,GOVE,0.454
920,KS,GRAHAM,0.646
921,KS,GRANT,0.389
922,KS,GRAY,0.348
923,KS,GREELEY,0.438
924,KS,GREENWOOD,0.431
925,KS,HAMILTON,0.321
926,KS,HARPER,0.403
927,KS,HARVEY,0.403
928,KS,HASKELL,0.317
929,KS,HODGEMAN,0.407
930,KS,JACKSON,0.556
931,KS,JEFFERSON,0.481
932,KS,JEWELL,0.402
933,KS,JOHNSON,0.693
934,KS,KEARNY,0.435
935,KS,KINGMAN,0.404
936,KS,KIOWA,0.426
937,KS,LABETTE,0.419
938,KS,LANE,0.38
939,KS,LEAVENWORTH,0.535
940,KS,LINCOLN,0.392
941,KS,LINN,0.314
942,KS,LOGAN,0.413
943,KS,LYON,0.489
944,KS,MCPHERSON,0.474
945,KS,MARION,0.434
946,KS,MARSHALL,0.551
947,KS,MEADE,0.393
948,KS,MIAMI,0.421
949,KS,MITCHELL,0.476
950,KS,MONTGOMERY,0.392
951,KS,MORRIS,0.494
952,KS,MORTON,0.335
953,KS,NEMAHA,0.459
954,KS,NEOSHO,0.233
955,KS,NESS,0.46
956,KS,NORTON,0.435
957,KS,OSAGE,0.441
958,KS,OSBORNE,0.371
959,KS,OTTAWA,0.353
960,KS,PAWNEE,0.467
961,KS,PHILLIPS,0.391
962,KS,POTTAWATOMIE,0.347
963,KS,PRATT,0.433
964,KS,RAWLINS,0.37
965,KS,RENO,0.439
966,KS,REPUBLIC,0.446
967,KS,RICE,0.386
968,KS,RILEY,0.34
969,KS,ROOKS,0.411
970,KS,RUSH,0.445
971,KS,RUSSELL,0.364
972,KS,SALINE,0.43
973,KS,SCOTT,0.39
974,KS,SEDGWICK,0.475
975,KS,SEWARD,0.457
976,KS,SHAWNEE,0.536
977,KS,SHERIDAN,0.317
978,KS,SHERMAN,0.37
979,KS,SMITH,0.406
980,KS,STAFFORD,0.387
981,KS,STANTON,0.408
982,KS,STEVENS,0.279
983,KS,SUMNER,0.365
984,KS,THOMAS,0.366
985,KS,TREGO,0.341
986,KS,WABAUNSEE,0.405
987,KS,WALLACE,0.319
988,KS,WASHINGTON,0.451
989,KS,WICHITA,0.416
990,KS,WILSON,0.363
991,KS,WOODSON,0.373
992,KS,WYANDOTTE,0.461
993,KY,ADAIR,0.325
994,KY,ALLEN,0.352
995,KY,ANDERSON,0.548
996,KY,BALLARD,0.287
997,KY,BARREN,0.393
998,KY,BATH,0.452
999,KY,BELL,0.389
1000,KY,BOONE,0.615
1001,KY,BOURBON,0.509
1002,KY,BOYD,0.43
1003,KY,BOYLE,0.54
1004,KY,BRACKEN,0.394
1005,KY,BREATHITT,0.402
1006,KY,BRECKINRIDGE,0.367
1007,KY,BULLITT,0.423
1008,KY,BUTLER,0.384
1009,KY,CALDWELL,0.432
1010,KY,CALLOWAY,0.425
1011,KY,CAMPBELL,0.601
1012,KY,CARLISLE,0.336
1013,KY,CARROLL,0.44
1014,KY,CARTER,0.395
1015,KY,CASEY,0.298
1016,KY,CHRISTIAN,0.278
1017,KY,CLARK,0.512
1018,KY,CLAY,0.355
1019,KY,CLINTON,0.303
1020,KY,CRITTENDEN,0.323
1021,KY,CUMBERLAND,0.341
1022,KY,DAVIESS,0.479
1023,KY,EDMONSON,0.329
1024,KY,ELLIOTT,0.286
1025,KY,ESTILL,0.424
1026,KY,FAYETTE,0.673
1027,KY,FLEMING,0.409
1028,KY,FLOYD,0.462
1029,KY,FRANKLIN,0.684
1030,KY,FULTON,0.484
1031,KY,GALLATIN,0.353
1032,KY,GARRARD,0.422
1033,KY,GRANT,0.439
1034,KY,GRAVES,0.377
1035,KY,GRAYSON,0.426
1036,KY,GREEN,0.357
1037,KY,GREENUP,0.412
1038,KY,HANCOCK,0.515
1039,KY,HARDIN,0.551
1040,KY,HARLAN,0.371
1041,KY,HARRISON,0.427
1042,KY,HART,0.306
1043,KY,HENDERSON,0.429
1044,KY,HENRY,0.495
1045,KY,HICKMAN,0.312
1046,KY,HOPKINS,0.442
1047,KY,JACKSON,0.285
1048,KY,JEFFERSON,0.617
1049,KY,JESSAMINE,0.512
1050,KY,JOHNSON,0.403
1051,KY,KENTON,0.579
1052,KY,KNOTT,0.396
1053,KY,KNOX,0.298
1054,KY,LARUE,0.371
1055,KY,LAUREL,0.342
1056,KY,LAWRENCE,0.383
1057,KY,LEE,0.409
1058,KY,LESLIE,0.442
1059,KY,LETCHER,0.44
1060,KY,LEWIS,0.279
1061,KY,LINCOLN,0.353
1062,KY,LIVINGSTON,0.423
1063,KY,LOGAN,0.437
1064,KY,LYON,0.529
1065,KY,MCCRACKEN,0.487
1066,KY,MCCREARY,0.354
1067,KY,MCLEAN,0.428
1068,KY,MADISON,0.446
1069,KY,MAGOFFIN,0.394
1070,KY,MARION,0.446
1071,KY,MARSHALL,0.471
1072,KY,MARTIN,0.446
1073,KY,MASON,0.441
1074,KY,MEADE,0.368
1075,KY,MENIFEE,0.378
1076,KY,MERCER,0.497
1077,KY,METCALFE,0.324
1078,KY,MONROE,0.381
1079,KY,MONTGOMERY,0.427
1080,KY,MORGAN,0.409
1081,KY,MUHLENBERG,0.445
1082,KY,NELSON,0.518
1083,KY,NICHOLAS,0.445
1084,KY,OHIO,0.344
1085,KY,OLDHAM,0.545
1086,KY,OWEN,0.332
1087,KY,OWSLEY,0.361
1088,KY,PENDLETON,0.391
1089,KY,PERRY,0.512
1090,KY,PIKE,0.43
1091,KY,POWELL,0.453
1092,KY,PULASKI,0.431
1093,KY,ROBERTSON,0.327
1094,KY,ROCKCASTLE,0.32
1095,KY,ROWAN,0.442
1096,KY,RUSSELL,0.404
1097,KY,SCOTT,0.573
1098,KY,SHELBY,0.457
1099,KY,SIMPSON,0.456
1100,KY,SPENCER,0.251
1101,KY,TAYLOR,0.448
1102,KY,TODD,0.343
1103,KY,TRIGG,0.417
1104,KY,TRIMBLE,0.398
1105,KY,UNION,0.33
1106,KY,WARREN,0.405
1107,KY,WASHINGTON,0.458
1108,KY,WAYNE,0.331
1109,KY,WEBSTER,0.383
1110,KY,WHITLEY,0.367
1111,KY,WOLFE,0.44
1112,KY,WOODFORD,0.695
1113,LA,ACADIA PARISH,0.428
1114,LA,ALLEN PARISH,0.295
1115,LA,ASCENSION PARISH,0.425
1116,LA,ASSUMPTION PARISH,0.368
1117,LA,AVOYELLES PARISH,0.361
1118,LA,BEAUREGARD PARISH,0.271
1119,LA,BIENVILLE PARISH,0.393
1120,LA,BOSSIER PARISH,0.388
1121,LA,CADDO PARISH,0.409
1122,LA,CALCASIEU PARISH,0.346
1123,LA,CALDWELL PARISH,0.323
1124,LA,CAMERON PARISH,0.147
1125,LA,CATAHOULA PARISH,0.33
1126,LA,CLAIBORNE PARISH,0.33
1127,LA,CONCORDIA PARISH,0.317
1128,LA,DE SOTO PARISH,0.337
1129,LA,EAST BATON ROUGE PARISH,0.49
1130,LA,EAST CARROLL PARISH,0.366
1131,LA,EAST FELICIANA PARISH,0.347
1132,LA,EVANGELINE PARISH,0.307
1133,LA,FRANKLIN PARISH,0.309
1134,LA,GRANT PARISH,0.334
1135,LA,IBERIA PARISH,0.381
1136,LA,IBERVILLE PARISH,0.46
1137,LA,JACKSON PARISH,0.347
1138,LA,JEFFERSON PARISH,0.573
1139,LA,JEFFERSON DAVIS PARISH,0.29
1140,LA,LAFAYETTE PARISH,0.423
1141,LA,LAFOURCHE PARISH,0.384
1142,LA,LASALLE PARISH,0.312
1143,LA,LINCOLN PARISH,0.362
1144,LA,LIVINGSTON PARISH,0.335
1145,LA,MADISON PARISH,0.334
1146,LA,MOREHOUSE PARISH,0.385
1147,LA,NATCHITOCHES PARISH,0.344
1148,LA,ORLEANS PARISH,0.599
1149,LA,OUACHITA PARISH,0.377
1150,LA,PLAQUEMINES PARISH,0.506
1151,LA,POINTE COUPEE PARISH,0.458
1152,LA,RAPIDES PARISH,0.4
1153,LA,RED RIVER PARISH,0.298
1154,LA,RICHLAND PARISH,0.362
1155,LA,SABINE PARISH,0.294
1156,LA,ST. BERNARD PARISH,0.404
1157,LA,ST. CHARLES PARISH,0.486
1158,LA,ST. HELENA PARISH,0.268
1159,LA,ST. JAMES PARISH,0.473
1160,LA,ST. JOHN THE BAPTIST PARISH,0.515
1161,LA,ST. LANDRY PARISH,0.344
1162,LA,ST. MARTIN PARISH,0.329
1163,LA,ST. MARY PARISH,0.385
1164,LA,ST. TAMMANY PARISH,0.493
1165,LA,TANGIPAHOA PARISH,0.398
1166,LA,TENSAS PARISH,0.512
1167,LA,TERREBONNE PARISH,0.386
1168,LA,UNION PARISH,0.383
1169,LA,VERMILION PARISH,0.312
1170,LA,VERNON PARISH,0.387
1171,LA,WASHINGTON PARISH,0.35
1172,LA,WEBSTER PARISH,0.357
1173,LA,WEST BATON ROUGE PARISH,0.445
1174,LA,WEST CARROLL PARISH,0.358
1175,LA,WEST FELICIANA PARISH,0.79
1176,LA,WINN PARISH,0.36
1178,MA,BERKSHIRE,0.53
1179,MA,BRISTOL,0.58
1181,MA,ESSEX,0.665
1182,MA,FRANKLIN,0.64
1183,MA,HAMPDEN,0.589
1184,MA,HAMPSHIRE,0.621
1185,MA,MIDDLESEX,0.732
1187,MA,NORFOLK,0.719
1188,MA,PLYMOUTH,0.636
1189,MA,SUFFOLK,0.674
1190,MA,WORCESTER,0.638
1191,MD,ALLEGANY,0.478
1192,MD,ANNE ARUNDEL,0.68
1193,MD,BALTIMORE,0.633
1194,MD,CALVERT,0.599
1195,MD,CAROLINE,0.501
1196,MD,CARROLL,0.647
1197,MD,CECIL,0.522
1198,MD,CHARLES,0.568
1199,MD,DORCHESTER,0.53
1200,MD,FREDERICK,0.669
1201,MD,GARRETT,0.447
1202,MD,HARFORD,0.626
1203,MD,HOWARD,0.753
1204,MD,KENT,0.628
1205,MD,MONTGOMERY,0.787
1206,MD,PRINCE GEORGE'S,0.622
1207,MD,QUEEN ANNE'S,0.594
1208,MD,ST. MARY'S,0.573
1209,MD,SOMERSET,0.449
1210,MD,TALBOT,0.675
1211,MD,WASHINGTON,0.504
1212,MD,WICOMICO,0.488
1213,MD,WORCESTER,0.648
1214,MD,BALTIMORE CITY,0.559
1215,ME,ANDROSCOGGIN,0.593
1216,ME,AROOSTOOK,0.575
1217,ME,CUMBERLAND,0.758
1218,ME,FRANKLIN,0.548
1219,ME,HANCOCK,0.679
1220,ME,KENNEBEC,0.62
1221,ME,KNOX,0.741
1222,ME,LINCOLN,0.718
1223,ME,OXFORD,0.587
1224,ME,PENOBSCOT,0.607
1225,ME,PISCATAQUIS,0.542
1226,ME,SAGADAHOC,0.682
1227,ME,SOMERSET,0.522
1228,ME,WALDO,0.625
1229,ME,WASHINGTON,0.61
1230,ME,YORK,0.703
1231,MI,ALCONA,0.5
1232,MI,ALGER,0.581
1233,MI,ALLEGAN,0.424
1234,MI,ALPENA,0.469
1235,MI,ANTRIM,0.503
1236,MI,ARENAC,0.453
1237,MI,BARAGA,0.51
1238,MI,BARRY,0.401
1239,MI,BAY,0.495
1240,MI,BENZIE,0.57
1241,MI,BERRIEN,0.478
1242,MI,BRANCH,0.378
1243,MI,CALHOUN,0.425
1244,MI,CASS,0.368
1245,MI,CHARLEVOIX,0.605
1246,MI,CHEBOYGAN,0.475
1247,MI,CHIPPEWA,0.633
1248,MI,CLARE,0.377
1249,MI,CLINTON,0.474
1250,MI,CRAWFORD,0.434
1251,MI,DELTA,0.54
1252,MI,DICKINSON,0.585
1253,MI,EATON,0.475
1254,MI,EMMET,0.631
1255,MI,GENESEE,0.423
1256,MI,GLADWIN,0.406
1257,MI,GOGEBIC,0.548
1258,MI,GRAND TRAVERSE,0.595
1259,MI,GRATIOT,0.368
1260,MI,HILLSDALE,0.319
1261,MI,HOUGHTON,0.45
1262,MI,HURON,0.472
1263,MI,INGHAM,0.486
1264,MI,IONIA,0.388
1265,MI,IOSCO,0.491
1266,MI,IRON,0.494
1267,MI,ISABELLA,0.375
1268,MI,JACKSON,0.431
1269,MI,KALAMAZOO,0.508
1270,MI,KALKASKA,0.408
1271,MI,KENT,0.539
1272,MI,KEWEENAW,0.511
1273,MI,LAKE,0.506
1274,MI,LAPEER,0.403
1275,MI,LEELANAU,0.74
1276,MI,LENAWEE,0.416
1277,MI,LIVINGSTON,0.497
1278,MI,LUCE,0.4
1279,MI,MACKINAC,0.666
1280,MI,MACOMB,0.48
1281,MI,MANISTEE,0.513
1282,MI,MARQUETTE,0.579
1283,MI,MASON,0.508
1284,MI,MECOSTA,0.338
1285,MI,MENOMINEE,0.616
1286,MI,MIDLAND,0.493
1287,MI,MISSAUKEE,0.402
1288,MI,MONROE,0.382
1289,MI,MONTCALM,0.339
1290,MI,MONTMORENCY,0.475
1291,MI,MUSKEGON,0.446
1292,MI,NEWAYGO,0.354
1293,MI,OAKLAND,0.566
1294,MI,OCEANA,0.442
1295,MI,OGEMAW,0.382
1296,MI,ONTONAGON,0.621
1297,MI,OSCEOLA,0.345
1298,MI,OSCODA,0.377
1299,MI,OTSEGO,0.484
1300,MI,OTTAWA,0.474
1301,MI,PRESQUE ISLE,0.531
1302,MI,ROSCOMMON,0.49
1303,MI,SAGINAW,0.447
1304,MI,ST. CLAIR,0.428
1305,MI,ST. JOSEPH,0.371
1306,MI,SANILAC,0.373
1307,MI,SCHOOLCRAFT,0.479
1308,MI,SHIAWASSEE,0.436
1309,MI,TUSCOLA,0.39
1310,MI,VAN BUREN,0.45
1311,MI,WASHTENAW,0.624
1312,MI,WAYNE,0.455
1313,MI,WEXFORD,0.43
1314,MN,AITKIN,0.533
1315,MN,ANOKA,0.495
1316,MN,BECKER,0.472
1317,MN,BELTRAMI,0.546
1318,MN,BENTON,0.342
1319,MN,BIG STONE,0.588
1320,MN,BLUE EARTH,0.532
1321,MN,BROWN,0.574
1322,MN,CARLTON,0.559
1323,MN,CARVER,0.578
1324,MN,CASS,0.473
1325,MN,CHIPPEWA,0.462
1326,MN,CHISAGO,0.495
1327,MN,CLAY,0.334
1328,MN,CLEARWATER,0.378
1329,MN,COOK,0.747
1330,MN,COTTONWOOD,0.491
1331,MN,CROW WING,0.499
1332,MN,DAKOTA,0.6
1333,MN,DODGE,0.515
1334,MN,DOUGLAS,0.505
1335,MN,FARIBAULT,0.501
1336,MN,FILLMORE,0.596
1337,MN,FREEBORN,0.503
1338,MN,GOODHUE,0.588
1339,MN,GRANT,0.486
1340,MN,HENNEPIN,0.656
1341,MN,HOUSTON,0.445
1342,MN,HUBBARD,0.412
1343,MN,ISANTI,0.367
1344,MN,ITASCA,0.5
1345,MN,JACKSON,0.435
1346,MN,KANABEC,0.365
1347,MN,KANDIYOHI,0.463
1348,MN,KITTSON,0.494
1349,MN,KOOCHICHING,0.529
1350,MN,LAC QUI PARLE,0.509
1351,MN,LAKE,0.588
1352,MN,LAKE OF THE WOODS,0.5
1353,MN,LE SUEUR,0.409
1354,MN,LINCOLN,0.46
1355,MN,LYON,0.491
1356,MN,MCLEOD,0.507
1357,MN,MAHNOMEN,0.529
1358,MN,MARSHALL,0.406
1359,MN,MARTIN,0.491
1360,MN,MEEKER,0.421
1361,MN,MILLE LACS,0.512
1362,MN,MORRISON,0.441
1363,MN,MOWER,0.531
1364,MN,MURRAY,0.472
1365,MN,NICOLLET,0.549
1366,MN,NOBLES,0.505
1367,MN,NORMAN,0.49
1368,MN,OLMSTED,0.661
1369,MN,OTTER TAIL,0.433
1370,MN,PENNINGTON,0.425
1371,MN,PINE,0.425
1372,MN,PIPESTONE,0.468
1373,MN,POLK,0.353
1374,MN,POPE,0.499
1375,MN,RAMSEY,0.629
1376,MN,RED LAKE,0.491
1377,MN,REDWOOD,0.464
1378,MN,RENVILLE,0.494
1379,MN,RICE,0.561
1380,MN,ROCK,0.474
1381,MN,ROSEAU,0.45
1382,MN,ST. LOUIS,0.599
1383,MN,SCOTT,0.598
1384,MN,SHERBURNE,0.376
1385,MN,SIBLEY,0.421
1386,MN,STEARNS,0.507
1387,MN,STEELE,0.525
1388,MN,STEVENS,0.493
1389,MN,SWIFT,0.508
1390,MN,TODD,0.362
1391,MN,TRAVERSE,0.537
1392,MN,WABASHA,0.656
1393,MN,WADENA,0.446
1394,MN,WASECA,0.497
1395,MN,WASHINGTON,0.601
1396,MN,WATONWAN,0.494
1397,MN,WILKIN,0.295
1398,MN,WINONA,0.553
1399,MN,WRIGHT,0.458
1400,MN,YELLOW MEDICINE,0.516
1401,MO,ADAIR,0.405
1402,MO,ANDREW,0.319
1403,MO,ATCHISON,0.497
1404,MO,AUDRAIN,0.338
1405,MO,BARRY,0.398
1406,MO,BARTON,0.303
1407,MO,BATES,0.339
1408,MO,BENTON,0.422
1409,MO,BOLLINGER,0.291
1410,MO,BOONE,0.57
1411,MO,BUCHANAN,0.339
1412,MO,BUTLER,0.3
1413,MO,CALDWELL,0.338
1414,MO,CALLAWAY,0.418
1415,MO,CAMDEN,0.411
1416,MO,CAPE GIRARDEAU,0.42
1417,MO,CARROLL,0.434
1418,MO,CARTER,0.303
1419,MO,CASS,0.446
1420,MO,CEDAR,0.294
1421,MO,CHARITON,0.339
1422,MO,CHRISTIAN,0.421
1423,MO,CLARK,0.252
1424,MO,CLAY,0.465
1425,MO,CLINTON,0.414
1426,MO,COLE,0.484
1427,MO,COOPER,0.377
1428,MO,CRAWFORD,0.287
1429,MO,DADE,0.404
1430,MO,DALLAS,0.326
1431,MO,DAVIESS,0.271
1432,MO,DEKALB,0.248
1433,MO,DENT,0.264
1434,MO,DOUGLAS,0.217
1435,MO,DUNKLIN,0.303
1436,MO,FRANKLIN,0.485
1437,MO,GASCONADE,0.458
1438,MO,GENTRY,0.379
1439,MO,GREENE,0.451
1440,MO,GRUNDY,0.311
1441,MO,HARRISON,0.305
1442,MO,HENRY,0.4
1443,MO,HICKORY,0.359
1444,MO,HOLT,0.371
1445,MO,HOWARD,0.394
1446,MO,HOWELL,0.301
1447,MO,IRON,0.33
1448,MO,JACKSON,0.499
1449,MO,JASPER,0.424
1450,MO,JEFFERSON,0.403
1451,MO,JOHNSON,0.348
1452,MO,KNOX,0.35
1453,MO,LACLEDE,0.338
1454,MO,LAFAYETTE,0.408
1455,MO,LAWRENCE,0.338
1456,MO,LEWIS,0.335
1457,MO,LINCOLN,0.341
1458,MO,LINN,0.42
1459,MO,LIVINGSTON,0.4
1460,MO,MCDONALD,0.256
1461,MO,MACON,0.355
1462,MO,MADISON,0.323
1463,MO,MARIES,0.331
1464,MO,MARION,0.375
1465,MO,MERCER,0.307
1466,MO,MILLER,0.298
1467,MO,MISSISSIPPI,0.378
1468,MO,MONITEAU,0.315
1469,MO,MONROE,0.398
1470,MO,MONTGOMERY,0.434
1471,MO,MORGAN,0.344
1472,MO,NEW MADRID,0.279
1473,MO,NEWTON,0.228
1474,MO,NODAWAY,0.422
1475,MO,OREGON,0.274
1476,MO,OSAGE,0.346
1477,MO,OZARK,0.289
1478,MO,PEMISCOT,0.273
1479,MO,PERRY,0.337
1480,MO,PETTIS,0.371
1481,MO,PHELPS,0.386
1482,MO,PIKE,0.335
1483,MO,PLATTE,0.493
1484,MO,POLK,0.359
1485,MO,PULASKI,0.473
1486,MO,PUTNAM,0.276
1487,MO,RALLS,0.255
1488,MO,RANDOLPH,0.342
1489,MO,RAY,0.344
1490,MO,REYNOLDS,0.224
1491,MO,RIPLEY,0.256
1492,MO,ST. CHARLES,0.548
1493,MO,ST. CLAIR,0.311
1494,MO,STE. GENEVIEVE,0.391
1495,MO,ST. FRANCOIS,0.38
1496,MO,ST. LOUIS,0.575
1497,MO,SALINE,0.416
1498,MO,SCHUYLER,0.235
1499,MO,SCOTLAND,0.241
1500,MO,SCOTT,0.388
1501,MO,SHANNON,0.253
1502,MO,SHELBY,0.416
1503,MO,STODDARD,0.335
1504,MO,STONE,0.35
1505,MO,SULLIVAN,0.383
1506,MO,TANEY,0.372
1507,MO,TEXAS,0.291
1508,MO,VERNON,0.305
1509,MO,WARREN,0.367
1510,MO,WASHINGTON,0.285
1511,MO,WAYNE,0.329
1512,MO,WEBSTER,0.391
1513,MO,WORTH,0.368
1514,MO,WRIGHT,0.335
1515,MO,ST. LOUIS CITY,0.514
1518,MS,ADAMS,0.451
1519,MS,ALCORN,0.321
1520,MS,AMITE,0.313
1521,MS,ATTALA,0.433
1522,MS,BENTON,0.399
1523,MS,BOLIVAR,0.499
1524,MS,CALHOUN,0.314
1525,MS,CARROLL,0.343
1526,MS,CHICKASAW,0.4
1527,MS,CHOCTAW,0.292
1528,MS,CLAIBORNE,0.456
1529,MS,CLARKE,0.437
1530,MS,CLAY,0.381
1531,MS,COAHOMA,0.405
1532,MS,COPIAH,0.443
1533,MS,COVINGTON,0.403
1534,MS,DESOTO,0.424
1535,MS,FORREST,0.341
1536,MS,FRANKLIN,0.383
1537,MS,GEORGE,0.298
1538,MS,GREENE,0.309
1539,MS,GRENADA,0.422
1540,MS,HANCOCK,0.336
1541,MS,HARRISON,0.45
1542,MS,HINDS,0.486
1543,MS,HOLMES,0.487
1544,MS,HUMPHREYS,0.477
1545,MS,ISSAQUENA,0.323
1546,MS,ITAWAMBA,0.29
1547,MS,JACKSON,0.357
1548,MS,JASPER,0.393
1549,MS,JEFFERSON,0.579
1550,MS,JEFFERSON DAVIS,0.357
1551,MS,JONES,0.343
1552,MS,KEMPER,0.362
1553,MS,LAFAYETTE,0.475
1554,MS,LAMAR,0.488
1555,MS,LAUDERDALE,0.431
1556,MS,LAWRENCE,0.468
1557,MS,LEAKE,0.378
1558,MS,LEE,0.368
1559,MS,LEFLORE,0.52
1560,MS,LINCOLN,0.322
1561,MS,LOWNDES,0.421
1562,MS,MADISON,0.554
1563,MS,MARION,0.351
1564,MS,MARSHALL,0.423
1565,MS,MONROE,0.414
1566,MS,MONTGOMERY,0.437
1567,MS,NESHOBA,0.34
1568,MS,NEWTON,0.435
1569,MS,NOXUBEE,0.465
1570,MS,OKTIBBEHA,0.445
1571,MS,PANOLA,0.371
1572,MS,PEARL RIVER,0.362
1573,MS,PERRY,0.291
1574,MS,PIKE,0.409
1575,MS,PONTOTOC,0.343
1576,MS,PRENTISS,0.36
1577,MS,QUITMAN,0.406
1578,MS,RANKIN,0.436
1579,MS,SCOTT,0.389
1580,MS,SHARKEY,0.467
1581,MS,SIMPSON,0.374
1582,MS,SMITH,0.27
1583,MS,STONE,0.365
1584,MS,SUNFLOWER,0.444
1585,MS,TALLAHATCHIE,0.343
1586,MS,TATE,0.348
1587,MS,TIPPAH,0.34
1588,MS,TISHOMINGO,0.322
1589,MS,TUNICA,0.393
1590,MS,UNION,0.32
1591,MS,WALTHALL,0.32
1592,MS,WARREN,0.476
1593,MS,WASHINGTON,0.411
1594,MS,WAYNE,0.299
1595,MS,WEBSTER,0.39
1596,MS,WILKINSON,0.548
1597,MS,WINSTON,0.405
1598,MS,YALOBUSHA,0.526
1599,MS,YAZOO,0.4
1600,MT,BEAVERHEAD,0.463
1601,MT,BIG HORN,0.717
1602,MT,BLAINE,0.733
1603,MT,BROADWATER,0.332
1604,MT,CARBON,0.422
1605,MT,CARTER,0.262
1606,MT,CASCADE,0.464
1607,MT,CHOUTEAU,0.28
1608,MT,CUSTER,0.359
1609,MT,DANIELS,0.342
1610,MT,DAWSON,0.324
1611,MT,DEER LODGE,0.505
1612,MT,FALLON,0.282
1613,MT,FERGUS,0.409
1614,MT,FLATHEAD,0.363
1615,MT,GALLATIN,0.551
1616,MT,GARFIELD,0.17
1617,MT,GLACIER,0.606
1618,MT,GOLDEN VALLEY,0.38
1619,MT,GRANITE,0.339
1620,MT,HILL,0.529
1621,MT,JEFFERSON,0.445
1622,MT,JUDITH BASIN,0.338
1623,MT,LAKE,0.502
1624,MT,LEWIS AND CLARK,0.531
1625,MT,LIBERTY,0.31
1626,MT,LINCOLN,0.307
1627,MT,MCCONE,0.148
1628,MT,MADISON,0.401
1629,MT,MEAGHER,0.446
1630,MT,MINERAL,0.497
1631,MT,MISSOULA,0.577
1632,MT,MUSSELSHELL,0.304
1633,MT,PARK,0.565
1634,MT,PETROLEUM,0.275
1635,MT,PHILLIPS,0.369
1636,MT,PONDERA,0.492
1637,MT,POWDER RIVER,0.182
1638,MT,POWELL,0.388
1639,MT,PRAIRIE,0.333
1640,MT,RAVALLI,0.435
1641,MT,RICHLAND,0.298
1642,MT,ROOSEVELT,0.501
1643,MT,ROSEBUD,0.697
1644,MT,SANDERS,0.329
1645,MT,SHERIDAN,0.411
1646,MT,SILVER BOW,0.542
1647,MT,STILLWATER,0.371
1648,MT,SWEET GRASS,0.349
1649,MT,TETON,0.381
1650,MT,TOOLE,0.378
1651,MT,TREASURE,0.395
1652,MT,VALLEY,0.379
1653,MT,WHEATLAND,0.304
1654,MT,WIBAUX,0.233
1655,MT,YELLOWSTONE,0.446
1656,NC,ALAMANCE,0.505
1657,NC,ALEXANDER,0.394
1658,NC,ALLEGHANY,0.543
1659,NC,ANSON,0.317
1660,NC,ASHE,0.48
1661,NC,AVERY,0.486
1662,NC,BEAUFORT,0.479
1663,NC,BERTIE,0.467
1664,NC,BLADEN,0.343
1665,NC,BRUNSWICK,0.584
1666,NC,BUNCOMBE,0.601
1667,NC,BURKE,0.394
1668,NC,CABARRUS,0.482
1669,NC,CALDWELL,0.4
1670,NC,CAMDEN,0.375
1671,NC,CARTERET,0.42
1672,NC,CASWELL,0.437
1673,NC,CATAWBA,0.467
1674,NC,CHATHAM,0.534
1675,NC,CHEROKEE,0.444
1676,NC,CHOWAN,0.49
1677,NC,CLAY,0.382
1678,NC,CLEVELAND,0.408
1679,NC,COLUMBUS,0.375
1680,NC,CRAVEN,0.489
1681,NC,CUMBERLAND,0.54
1682,NC,CURRITUCK,0.479
1683,NC,DARE,0.686
1684,NC,DAVIDSON,0.393
1685,NC,DAVIE,0.493
1686,NC,DUPLIN,0.346
1687,NC,DURHAM,0.623
1688,NC,EDGECOMBE,0.41
1689,NC,FORSYTH,0.54
1690,NC,FRANKLIN,0.451
1691,NC,GASTON,0.419
1692,NC,GATES,0.424
1693,NC,GRAHAM,0.407
1694,NC,GRANVILLE,0.511
1695,NC,GREENE,0.377
1696,NC,GUILFORD,0.544
1697,NC,HALIFAX,0.461
1698,NC,HARNETT,0.335
1699,NC,HAYWOOD,0.517
1700,NC,HENDERSON,0.505
1701,NC,HERTFORD,0.349
1702,NC,HOKE,0.287
1703,NC,HYDE,0.6
1704,NC,IREDELL,0.458
1705,NC,JACKSON,0.475
1706,NC,JOHNSTON,0.451
1707,NC,JONES,0.432
1708,NC,LEE,0.481
1709,NC,LENOIR,0.45
1710,NC,LINCOLN,0.416
1711,NC,MCDOWELL,0.395
1712,NC,MACON,0.342
1713,NC,MADISON,0.432
1714,NC,MARTIN,0.856
1715,NC,MECKLENBURG,0.561
1716,NC,MITCHELL,0.427
1717,NC,MONTGOMERY,0.37
1718,NC,MOORE,0.522
1719,NC,NASH,0.505
1720,NC,NEW HANOVER,0.567
1721,NC,NORTHAMPTON,0.428
1722,NC,ONSLOW,0.449
1723,NC,ORANGE,0.696
1724,NC,PAMLICO,0.523
1725,NC,PASQUOTANK,0.442
1726,NC,PENDER,0.444
1727,NC,PERQUIMANS,0.336
1728,NC,PERSON,0.477
1729,NC,PITT,0.459
1730,NC,POLK,0.425
1731,NC,RANDOLPH,0.367
1732,NC,RICHMOND,0.4
1733,NC,ROBESON,0.333
1734,NC,ROCKINGHAM,0.428
1735,NC,ROWAN,0.377
1736,NC,RUTHERFORD,0.357
1737,NC,SAMPSON,0.431
1738,NC,SCOTLAND,0.399
1739,NC,STANLY,0.283
1740,NC,STOKES,0.339
1741,NC,SURRY,0.429
1742,NC,SWAIN,0.497
1743,NC,TRANSYLVANIA,0.501
1744,NC,TYRRELL,0.392
1745,NC,UNION,0.472
1746,NC,VANCE,0.433
1747,NC,WAKE,0.656
1748,NC,WARREN,0.393
1749,NC,WASHINGTON,0.415
1750,NC,WATAUGA,0.537
1751,NC,WAYNE,0.431
1752,NC,WILKES,0.394
1753,NC,WILSON,0.447
1754,NC,YADKIN,0.41
1755,NC,YANCEY,0.443
1756,ND,ADAMS,0.479
1757,ND,BARNES,0.579
1758,ND,BENSON,0.542
1759,ND,BILLINGS,0.431
1760,ND,BOTTINEAU,0.504
1761,ND,BOWMAN,0.386
1762,ND,BURKE,0.437
1763,ND,BURLEIGH,0.485
1764,ND,CASS,0.59
1765,ND,CAVALIER,0.631
1766,ND,DICKEY,0.672
1767,ND,DIVIDE,0.527
1768,ND,DUNN,0.304
1769,ND,EDDY,0.54
1770,ND,EMMONS,0.352
1771,ND,FOSTER,0.562
1772,ND,GOLDEN VALLEY,0.305
1773,ND,GRAND FORKS,0.533
1774,ND,GRANT,0.298
1775,ND,GRIGGS,0.543
1776,ND,HETTINGER,0.367
1777,ND,KIDDER,0.409
1778,ND,LAMOURE,0.491
1779,ND,LOGAN,0.418
1780,ND,MCHENRY,0.454
1781,ND,MCINTOSH,0.468
1782,ND,MCKENZIE,0.31
1783,ND,MCLEAN,0.472
1784,ND,MERCER,0.416
1785,ND,MORTON,0.427
1786,ND,MOUNTRAIL,0.443
1787,ND,NELSON,0.631
1788,ND,OLIVER,0.412
1789,ND,PEMBINA,0.531
1790,ND,PIERCE,0.456
1791,ND,RAMSEY,0.52
1792,ND,RANSOM,0.574
1793,ND,RENVILLE,0.427
1794,ND,RICHLAND,0.567
1795,ND,ROLETTE,0.598
1796,ND,SARGENT,0.574
1797,ND,SHERIDAN,0.464
1798,ND,SIOUX,0.374
1799,ND,SLOPE,0.315
1800,ND,STARK,0.343
1801,ND,STEELE,0.603
1802,ND,STUTSMAN,0.521
1803,ND,TOWNER,0.511
1804,ND,TRAILL,0.577
1805,ND,WALSH,0.565
1806,ND,WARD,0.439
1807,ND,WELLS,0.445
1808,ND,WILLIAMS,0.304
1809,NE,ADAMS,0.361
1810,NE,ANTELOPE,0.332
1811,NE,ARTHUR,0.155
1812,NE,BANNER,0.229
1813,NE,BLAINE,0.22
1814,NE,BOONE,0.458
1815,NE,BOX BUTTE,0.258
1816,NE,BOYD,0.305
1817,NE,BROWN,0.304
1818,NE,BUFFALO,0.331
1819,NE,BURT,0.518
1820,NE,BUTLER,0.457
1821,NE,CASS,0.507
1822,NE,CEDAR,0.371
1823,NE,CHASE,0.263
1824,NE,CHERRY,0.287
1825,NE,CHEYENNE,0.352
1826,NE,CLAY,0.364
1827,NE,COLFAX,0.367
1828,NE,CUMING,0.45
1829,NE,CUSTER,0.332
1830,NE,DAKOTA,0.486
1831,NE,DAWES,0.328
1832,NE,DAWSON,0.332
1833,NE,DEUEL,0.285
1834,NE,DIXON,0.386
1835,NE,DODGE,0.465
1836,NE,DOUGLAS,0.555
1837,NE,DUNDY,0.35
1838,NE,FILLMORE,0.468
1839,NE,FRANKLIN,0.344
1840,NE,FRONTIER,0.219
1841,NE,FURNAS,0.368
1842,NE,GAGE,0.359
1843,NE,GARDEN,0.409
1844,NE,GARFIELD,0.263
1845,NE,GOSPER,0.342
1846,NE,GRANT,0.145
1847,NE,GREELEY,0.363
1848,NE,HALL,0.394
1849,NE,HAMILTON,0.389
1850,NE,HARLAN,0.334
1851,NE,HAYES,0.174
1852,NE,HITCHCOCK,0.284
1853,NE,HOLT,0.368
1854,NE,HOOKER,0.386
1855,NE,HOWARD,0.375
1856,NE,JEFFERSON,0.457
1857,NE,JOHNSON,0.434
1858,NE,KEARNEY,0.381
1859,NE,KEITH,0.305
1860,NE,KEYA PAHA,0.236
1861,NE,KIMBALL,0.319
1862,NE,KNOX,0.449
1863,NE,LANCASTER,0.577
1864,NE,LINCOLN,0.246
1865,NE,LOGAN,0.157
1866,NE,LOUP,0.23
1867,NE,MCPHERSON,0.109
1868,NE,MADISON,0.38
1869,NE,MERRICK,0.349
1870,NE,MORRILL,0.285
1871,NE,NANCE,0.259
1872,NE,NEMAHA,0.438
1873,NE,NUCKOLLS,0.423
1874,NE,OTOE,0.444
1875,NE,PAWNEE,0.369
1876,NE,PERKINS,0.348
1877,NE,PHELPS,0.322
1878,NE,PIERCE,0.335
1879,NE,PLATTE,0.38
1880,NE,POLK,0.349
1881,NE,RED WILLOW,0.303
1882,NE,RICHARDSON,0.434
1883,NE,ROCK,0.306
1884,NE,SALINE,0.413
1885,NE,SARPY,0.526
1886,NE,SAUNDERS,0.459
1887,NE,SCOTTS BLUFF,0.335
1888,NE,SEWARD,0.403
1889,NE,SHERIDAN,0.277
1890,NE,SHERMAN,0.359
1891,NE,SIOUX,0.214
1892,NE,STANTON,0.233
1893,NE,THAYER,0.424
1894,NE,THOMAS,0.213
1895,NE,THURSTON,0.563
1896,NE,VALLEY,0.279
1897,NE,WASHINGTON,0.468
1898,NE,WAYNE,0.358
1899,NE,WEBSTER,0.346
1900,NE,WHEELER,0.247
1901,NE,YORK,0.458
1902,NH,BELKNAP,0.583
1903,NH,CARROLL,0.683
1904,NH,CHESHIRE,0.586
1905,NH,COOS,0.592
1906,NH,GRAFTON,0.729
1907,NH,HILLSBOROUGH,0.592
1908,NH,MERRIMACK,0.652
1909,NH,ROCKINGHAM,0.622
1910,NH,STRAFFORD,0.587
1911,NH,SULLIVAN,0.604
1912,NJ,ATLANTIC,0.6
1913,NJ,BERGEN,0.703
1914,NJ,BURLINGTON,0.659
1915,NJ,CAMDEN,0.601
1916,NJ,CAPE MAY,0.666
1917,NJ,CUMBERLAND,0.479
1918,NJ,ESSEX,0.625
1919,NJ,GLOUCESTER,0.573
1920,NJ,HUDSON,0.69
1921,NJ,HUNTERDON,0.661
1922,NJ,MERCER,0.647
1923,NJ,MIDDLESEX,0.664
1924,NJ,MONMOUTH,0.625
1925,NJ,MORRIS,0.717
1926,NJ,OCEAN,0.502
1927,NJ,PASSAIC,0.614
1928,NJ,SALEM,0.514
1929,NJ,SOMERSET,0.702
1930,NJ,SUSSEX,0.588
1931,NJ,UNION,0.629
1932,NJ,WARREN,0.62
1933,NM,BERNALILLO,0.605
1934,NM,CATRON,0.402
1935,NM,CHAVES,0.36
1936,NM,CIBOLA,0.631
1937,NM,COLFAX,0.55
1938,NM,CURRY,0.372
1939,NM,DE BACA,0.428
1940,NM,DOÃ‘A ANA,0.59
1941,NM,EDDY,0.364
1942,NM,GRANT,0.591
1943,NM,GUADALUPE,0.589
1944,NM,HARDING,0.467
1945,NM,HIDALGO,0.48
1946,NM,LEA,0.351
1947,NM,LINCOLN,0.508
1948,NM,LOS ALAMOS,0.696
1949,NM,LUNA,0.584
1950,NM,MCKINLEY,0.682
1951,NM,MORA,0.558
1952,NM,OTERO,0.415
1953,NM,QUAY,0.383
1954,NM,RIO ARRIBA,0.665
1955,NM,ROOSEVELT,0.311
1956,NM,SANDOVAL,0.62
1957,NM,SAN JUAN,0.597
1958,NM,SAN MIGUEL,0.568
1959,NM,SANTA FE,0.707
1960,NM,SIERRA,0.589
1961,NM,SOCORRO,0.552
1962,NM,TAOS,0.721
1963,NM,TORRANCE,0.367
1964,NM,UNION,0.461
1965,NM,VALENCIA,0.503
1966,NV,CHURCHILL,0.418
1967,NV,CLARK,0.522
1968,NV,DOUGLAS,0.485
1969,NV,ELKO,0.349
1970,NV,ESMERALDA,0.399
1971,NV,EUREKA,0.243
1972,NV,HUMBOLDT,0.361
1973,NV,LANDER,0.319
1974,NV,LINCOLN,0.321
1975,NV,LYON,0.364
1976,NV,MINERAL,0.499
1977,NV,NYE,0.404
1978,NV,PERSHING,0.342
1979,NV,STOREY,0.189
1980,NV,WASHOE,0.583
1981,NV,WHITE PINE,0.45
1982,NV,CARSON CITY,0.578
1983,NY,ALBANY,0.657
1984,NY,ALLEGANY,0.367
1985,NY,BRONX,0.538
1986,NY,BROOME,0.561
1987,NY,CATTARAUGUS,0.488
1988,NY,CAYUGA,0.519
1989,NY,CHAUTAUQUA,0.514
1990,NY,CHEMUNG,0.512
1991,NY,CHENANGO,0.538
1992,NY,CLINTON,0.638
1993,NY,COLUMBIA,0.658
1994,NY,CORTLAND,0.523
1995,NY,DELAWARE,0.513
1996,NY,DUTCHESS,0.61
1997,NY,ERIE,0.61
1998,NY,ESSEX,0.645
1999,NY,FRANKLIN,0.556
2000,NY,FULTON,0.467
2001,NY,GENESEE,0.524
2002,NY,GREENE,0.558
2003,NY,HAMILTON,0.815
2004,NY,HERKIMER,0.51
2005,NY,JEFFERSON,0.656
2006,NY,KINGS,0.552
2007,NY,LEWIS,0.441
2008,NY,LIVINGSTON,0.528
2009,NY,MADISON,0.547
2010,NY,MONROE,0.63
2011,NY,MONTGOMERY,0.574
2012,NY,NASSAU,0.699
2013,NY,NEW YORK,0.75
2014,NY,NIAGARA,0.581
2015,NY,ONEIDA,0.541
2016,NY,ONONDAGA,0.653
2017,NY,ONTARIO,0.608
2018,NY,ORANGE,0.563
2019,NY,ORLEANS,0.47
2020,NY,OSWEGO,0.516
2021,NY,OTSEGO,0.539
2022,NY,PUTNAM,0.64
2023,NY,QUEENS,0.702
2024,NY,RENSSELAER,0.625
2025,NY,RICHMOND,0.574
2026,NY,ROCKLAND,0.548
2027,NY,ST. LAWRENCE,0.528
2028,NY,SARATOGA,0.703
2029,NY,SCHENECTADY,0.629
2030,NY,SCHOHARIE,0.496
2031,NY,SCHUYLER,0.555
2032,NY,SENECA,0.478
2033,NY,STEUBEN,0.516
2034,NY,SUFFOLK,0.642
2035,NY,SULLIVAN,0.513
2036,NY,TIOGA,0.535
2037,NY,TOMPKINS,0.719
2038,NY,ULSTER,0.637
2039,NY,WARREN,0.688
2040,NY,WASHINGTON,0.58
2041,NY,WAYNE,0.542
2042,NY,WESTCHESTER,0.689
2043,NY,WYOMING,0.446
2044,NY,YATES,0.47
2045,OH,ADAMS,0.281
2046,OH,ALLEN,0.355
2047,OH,ASHLAND,0.331
2048,OH,ASHTABULA,0.414
2049,OH,ATHENS,0.419
2050,OH,AUGLAIZE,0.335
2051,OH,BELMONT,0.371
2052,OH,BROWN,0.333
2053,OH,BUTLER,0.468
2054,OH,CARROLL,0.361
2055,OH,CHAMPAIGN,0.374
2056,OH,CLARK,0.439
2057,OH,CLERMONT,0.473
2058,OH,CLINTON,0.382
2059,OH,COLUMBIANA,0.408
2060,OH,COSHOCTON,0.303
2061,OH,CRAWFORD,0.369
2062,OH,CUYAHOGA,0.544
2063,OH,DARKE,0.325
2064,OH,DEFIANCE,0.415
2065,OH,DELAWARE,0.629
2066,OH,ERIE,0.502
2067,OH,FAIRFIELD,0.473
2068,OH,FAYETTE,0.355
2069,OH,FRANKLIN,0.528
2070,OH,FULTON,0.412
2071,OH,GALLIA,0.36
2072,OH,GEAUGA,0.524
2073,OH,GREENE,0.562
2074,OH,GUERNSEY,0.367
2075,OH,HAMILTON,0.528
2076,OH,HANCOCK,0.4
2077,OH,HARDIN,0.3
2078,OH,HARRISON,0.35
2079,OH,HENRY,0.427
2080,OH,HIGHLAND,0.304
2081,OH,HOCKING,0.379
2082,OH,HOLMES,0.154
2083,OH,HURON,0.375
2084,OH,JACKSON,0.364
2085,OH,JEFFERSON,0.405
2086,OH,KNOX,0.353
2087,OH,LAKE,0.56
2088,OH,LAWRENCE,0.341
2089,OH,LICKING,0.451
2090,OH,LOGAN,0.34
2091,OH,LORAIN,0.525
2092,OH,LUCAS,0.482
2093,OH,MADISON,0.421
2094,OH,MAHONING,0.477
2095,OH,MARION,0.394
2096,OH,MEDINA,0.542
2097,OH,MEIGS,0.363
2098,OH,MERCER,0.323
2099,OH,MIAMI,0.398
2100,OH,MONROE,0.373
2101,OH,MONTGOMERY,0.479
2102,OH,MORGAN,0.332
2103,OH,MORROW,0.335
2104,OH,MUSKINGUM,0.397
2105,OH,NOBLE,0.341
2106,OH,OTTAWA,0.543
2107,OH,PAULDING,0.358
2108,OH,PERRY,0.334
2109,OH,PICKAWAY,0.411
2110,OH,PIKE,0.357
2111,OH,PORTAGE,0.481
2112,OH,PREBLE,0.357
2113,OH,PUTNAM,0.431
2114,OH,RICHLAND,0.359
2115,OH,ROSS,0.407
2116,OH,SANDUSKY,0.44
2117,OH,SCIOTO,0.369
2118,OH,SENECA,0.423
2119,OH,SHELBY,0.301
2120,OH,STARK,0.455
2121,OH,SUMMIT,0.519
2122,OH,TRUMBULL,0.462
2123,OH,TUSCARAWAS,0.36
2124,OH,UNION,0.502
2125,OH,VAN WERT,0.237
2126,OH,VINTON,0.32
2127,OH,WARREN,0.532
2128,OH,WASHINGTON,0.443
2129,OH,WAYNE,0.374
2130,OH,WILLIAMS,0.393
2131,OH,WOOD,0.529
2132,OH,WYANDOT,0.412
2133,OK,ADAIR,0.326
2134,OK,ALFALFA,0.405
2135,OK,ATOKA,0.297
2136,OK,BEAVER,0.271
2137,OK,BECKHAM,0.365
2138,OK,BLAINE,0.401
2139,OK,BRYAN,0.326
2140,OK,CADDO,0.545
2141,OK,CANADIAN,0.498
2142,OK,CARTER,0.401
2143,OK,CHEROKEE,0.415
2144,OK,CHOCTAW,0.277
2145,OK,CIMARRON,0.244
2146,OK,CLEVELAND,0.469
2147,OK,COAL,0.339
2148,OK,COMANCHE,0.492
2149,OK,COTTON,0.387
2150,OK,CRAIG,0.485
2151,OK,CREEK,0.372
2152,OK,CUSTER,0.425
2153,OK,DELAWARE,0.361
2154,OK,DEWEY,0.228
2155,OK,ELLIS,0.318
2156,OK,GARFIELD,0.416
2157,OK,GARVIN,0.418
2158,OK,GRADY,0.325
2159,OK,GRANT,0.39
2160,OK,GREER,0.33
2161,OK,HARMON,0.442
2162,OK,HARPER,0.397
2163,OK,HASKELL,0.349
2164,OK,HUGHES,0.383
2165,OK,JACKSON,0.448
2166,OK,JEFFERSON,0.365
2167,OK,JOHNSTON,0.369
2168,OK,KAY,0.374
2169,OK,KINGFISHER,0.407
2170,OK,KIOWA,0.465
2171,OK,LATIMER,0.281
2172,OK,LE FLORE,0.334
2173,OK,LINCOLN,0.352
2174,OK,LOGAN,0.296
2175,OK,LOVE,0.376
2176,OK,MCCLAIN,0.432
2177,OK,MCCURTAIN,0.278
2178,OK,MCINTOSH,0.485
2179,OK,MAJOR,0.422
2180,OK,MARSHALL,0.41
2181,OK,MAYES,0.384
2182,OK,MURRAY,0.396
2183,OK,MUSKOGEE,0.449
2184,OK,NOBLE,0.538
2185,OK,NOWATA,0.371
2186,OK,OKFUSKEE,0.41
2187,OK,OKLAHOMA,0.563
2188,OK,OKMULGEE,0.367
2189,OK,OSAGE,0.286
2190,OK,OTTAWA,0.321
2191,OK,PAWNEE,0.434
2192,OK,PAYNE,0.437
2193,OK,PITTSBURG,0.388
2194,OK,PONTOTOC,0.466
2195,OK,POTTAWATOMIE,0.41
2196,OK,PUSHMATAHA,0.286
2197,OK,ROGER MILLS,0.305
2198,OK,ROGERS,0.402
2199,OK,SEMINOLE,0.443
2200,OK,SEQUOYAH,0.333
2201,OK,STEPHENS,0.428
2202,OK,TEXAS,0.374
2203,OK,TILLMAN,0.413
2204,OK,TULSA,0.531
2205,OK,WAGONER,0.405
2206,OK,WASHINGTON,0.393
2207,OK,WASHITA,0.355
2208,OK,WOODS,0.363
2209,OK,WOODWARD,0.336
2210,OR,BAKER,0.751
2211,OR,BENTON,0.677
2212,OR,CLACKAMAS,0.596
2213,OR,CLATSOP,0.582
2214,OR,COLUMBIA,0.536
2215,OR,COOS,0.506
2216,OR,CROOK,0.436
2217,OR,CURRY,0.527
2218,OR,DESCHUTES,0.612
2219,OR,DOUGLAS,0.467
2220,OR,GILLIAM,0.407
2221,OR,GRANT,0.399
2222,OR,HARNEY,0.384
2223,OR,HOOD RIVER,0.739
2224,OR,JACKSON,0.496
2225,OR,JEFFERSON,0.544
2226,OR,JOSEPHINE,0.43
2227,OR,KLAMATH,0.434
2228,OR,LAKE,0.341
2229,OR,LANE,0.616
2230,OR,LINCOLN,0.632
2231,OR,LINN,0.481
2232,OR,MALHEUR,0.368
2233,OR,MARION,0.542
2234,OR,MORROW,0.443
2235,OR,MULTNOMAH,0.723
2236,OR,POLK,0.543
2237,OR,SHERMAN,0.503
2238,OR,TILLAMOOK,0.564
2239,OR,UMATILLA,0.458
2240,OR,UNION,0.411
2241,OR,WALLOWA,0.517
2242,OR,WASCO,0.57
2243,OR,WASHINGTON,0.666
2244,OR,WHEELER,0.501
2245,OR,YAMHILL,0.55
2246,PA,ADAMS,0.427
2247,PA,ALLEGHENY,0.611
2248,PA,ARMSTRONG,0.51
2249,PA,BEAVER,0.47
2250,PA,BEDFORD,0.319
2251,PA,BERKS,0.498
2252,PA,BLAIR,0.431
2253,PA,BRADFORD,0.333
2254,PA,BUCKS,0.552
2255,PA,BUTLER,0.54
2256,PA,CAMBRIA,0.465
2257,PA,CAMERON,0.492
2258,PA,CARBON,0.52
2259,PA,CENTRE,0.518
2260,PA,CHESTER,0.625
2261,PA,CLARION,0.377
2262,PA,CLEARFIELD,0.425
2263,PA,CLINTON,0.385
2264,PA,COLUMBIA,0.507
2265,PA,CRAWFORD,0.415
2266,PA,CUMBERLAND,0.553
2267,PA,DAUPHIN,0.515
2268,PA,DELAWARE,0.546
2269,PA,ELK,0.501
2270,PA,ERIE,0.51
2271,PA,FAYETTE,0.462
2272,PA,FOREST,0.65
2273,PA,FRANKLIN,0.355
2274,PA,FULTON,0.246
2275,PA,GREENE,0.402
2276,PA,HUNTINGDON,0.41
2277,PA,INDIANA,0.385
2278,PA,JEFFERSON,0.418
2279,PA,JUNIATA,0.341
2280,PA,LACKAWANNA,0.604
2281,PA,LANCASTER,0.493
2282,PA,LAWRENCE,0.439
2283,PA,LEBANON,0.436
2284,PA,LEHIGH,0.612
2285,PA,LUZERNE,0.537
2286,PA,LYCOMING,0.441
2287,PA,MCKEAN,0.405
2288,PA,MERCER,0.445
2289,PA,MIFFLIN,0.396
2290,PA,MONROE,0.483
2291,PA,MONTGOMERY,0.574
2292,PA,MONTOUR,0.653
2293,PA,NORTHAMPTON,0.587
2294,PA,NORTHUMBERLAND,0.48
2295,PA,PERRY,0.416
2296,PA,PHILADELPHIA,0.603
2297,PA,PIKE,0.465
2298,PA,POTTER,0.31
2299,PA,SCHUYLKILL,0.507
2300,PA,SNYDER,0.366
2301,PA,SOMERSET,0.413
2302,PA,SULLIVAN,0.511
2303,PA,SUSQUEHANNA,0.365
2304,PA,TIOGA,0.378
2305,PA,UNION,0.416
2306,PA,VENANGO,0.396
2307,PA,WARREN,0.415
2308,PA,WASHINGTON,0.54
2309,PA,WAYNE,0.506
2310,PA,WESTMORELAND,0.499
2311,PA,WYOMING,0.515
2312,PA,YORK,0.468
2313,PR,ADJUNTAS MUNICIPIO,0.648
2314,PR,AGUADA MUNICIPIO,0.655
2315,PR,AGUADILLA MUNICIPIO,0.669
2316,PR,AGUAS BUENAS MUNICIPIO,0.645
2317,PR,AIBONITO MUNICIPIO,0.799
2318,PR,AÃ‘ASCO MUNICIPIO,0.653
2320,PR,ARROYO MUNICIPIO,0.657
2321,PR,BARCELONETA MUNICIPIO,0.605
2322,PR,BARRANQUITAS MUNICIPIO,0.691
2323,PR,BAYAMÃ“N MUNICIPIO,0.751
2324,PR,CABO ROJO MUNICIPIO,0.639
2325,PR,CAGUAS MUNICIPIO,0.694
2326,PR,CAMUY MUNICIPIO,0.648
2327,PR,CANÃ“VANAS MUNICIPIO,0.615
2328,PR,CAROLINA MUNICIPIO,0.67
2329,PR,CATAÃ‘O MUNICIPIO,0.615
2330,PR,CAYEY MUNICIPIO,0.709
2331,PR,CEIBA MUNICIPIO,0.577
2332,PR,CIALES MUNICIPIO,0.721
2333,PR,CIDRA MUNICIPIO,0.662
2334,PR,COAMO MUNICIPIO,0.619
2335,PR,COMERÃO MUNICIPIO,0.627
2336,PR,COROZAL MUNICIPIO,0.675
2338,PR,DORADO MUNICIPIO,0.652
2339,PR,FAJARDO MUNICIPIO,0.611
2340,PR,FLORIDA MUNICIPIO,0.713
2341,PR,GUÃNICA MUNICIPIO,0.614
2342,PR,GUAYAMA MUNICIPIO,0.622
2343,PR,GUAYANILLA MUNICIPIO,0.694
2344,PR,GUAYNABO MUNICIPIO,0.787
2345,PR,GURABO MUNICIPIO,0.56
2346,PR,HATILLO MUNICIPIO,0.592
2347,PR,HORMIGUEROS MUNICIPIO,0.709
2348,PR,HUMACAO MUNICIPIO,0.675
2349,PR,ISABELA MUNICIPIO,0.599
2350,PR,JAYUYA MUNICIPIO,0.701
2351,PR,JUANA DÃAZ MUNICIPIO,0.648
2352,PR,JUNCOS MUNICIPIO,0.61
2353,PR,LAJAS MUNICIPIO,0.666
2354,PR,LARES MUNICIPIO,0.825
2355,PR,LAS MARÃAS MUNICIPIO,0.744
2356,PR,LAS PIEDRAS MUNICIPIO,0.623
2357,PR,LOÃZA MUNICIPIO,0.476
2358,PR,LUQUILLO MUNICIPIO,0.541
2359,PR,MANATÃ MUNICIPIO,0.662
2360,PR,MARICAO MUNICIPIO,0.593
2361,PR,MAUNABO MUNICIPIO,0.646
2362,PR,MAYAGÃœEZ MUNICIPIO,0.697
2363,PR,MOCA MUNICIPIO,0.662
2364,PR,MOROVIS MUNICIPIO,0.609
2365,PR,NAGUABO MUNICIPIO,0.51
2366,PR,NARANJITO MUNICIPIO,0.636
2367,PR,OROCOVIS MUNICIPIO,0.736
2368,PR,PATILLAS MUNICIPIO,0.699
2369,PR,PEÃ‘UELAS MUNICIPIO,0.692
2370,PR,PONCE MUNICIPIO,0.744
2371,PR,QUEBRADILLAS MUNICIPIO,0.675
2372,PR,RINCÃ“N MUNICIPIO,0.635
2373,PR,RÃO GRANDE MUNICIPIO,0.576
2374,PR,SABANA GRANDE MUNICIPIO,0.737
2375,PR,SALINAS MUNICIPIO,0.683
2376,PR,SAN GERMÃN MUNICIPIO,0.663
2377,PR,SAN JUAN MUNICIPIO,0.657
2378,PR,SAN LORENZO MUNICIPIO,0.652
2379,PR,SAN SEBASTIÃN MUNICIPIO,0.737
2380,PR,SANTA ISABEL MUNICIPIO,0.603
2381,PR,TOA ALTA MUNICIPIO,0.584
2382,PR,TOA BAJA MUNICIPIO,0.646
2383,PR,TRUJILLO ALTO MUNICIPIO,0.502
2384,PR,UTUADO MUNICIPIO,0.634
2385,PR,VEGA ALTA MUNICIPIO,0.529
2386,PR,VEGA BAJA MUNICIPIO,0.691
2387,PR,VIEQUES MUNICIPIO,0.672
2388,PR,VILLALBA MUNICIPIO,0.798
2389,PR,YABUCOA MUNICIPIO,0.676
2390,PR,YAUCO MUNICIPIO,0.741
2391,RI,BRISTOL,0.676
2392,RI,KENT,0.678
2393,RI,NEWPORT,0.676
2394,RI,PROVIDENCE,0.605
2395,RI,WASHINGTON,0.677
2396,SC,ABBEVILLE,0.344
2397,SC,AIKEN,0.398
2398,SC,ALLENDALE,0.491
2399,SC,ANDERSON,0.342
2400,SC,BAMBERG,0.406
2401,SC,BARNWELL,0.427
2402,SC,BEAUFORT,0.579
2403,SC,BERKELEY,0.396
2404,SC,CALHOUN,0.338
2405,SC,CHARLESTON,0.573
2406,SC,CHEROKEE,0.275
2407,SC,CHESTER,0.378
2408,SC,CHESTERFIELD,0.316
2409,SC,CLARENDON,0.407
2410,SC,COLLETON,0.397
2411,SC,DARLINGTON,0.422
2412,SC,DILLON,0.371
2413,SC,DORCHESTER,0.448
2414,SC,EDGEFIELD,0.499
2415,SC,FAIRFIELD,0.474
2416,SC,FLORENCE,0.462
2417,SC,GEORGETOWN,0.5
2418,SC,GREENVILLE,0.477
2419,SC,GREENWOOD,0.419
2420,SC,HAMPTON,0.525
2421,SC,HORRY,0.501
2422,SC,JASPER,0.321
2423,SC,KERSHAW,0.491
2424,SC,LANCASTER,0.403
2425,SC,LAURENS,0.325
2426,SC,LEE,0.353
2427,SC,LEXINGTON,0.461
2428,SC,MCCORMICK,0.549
2429,SC,MARION,0.406
2430,SC,MARLBORO,0.367
2431,SC,NEWBERRY,0.455
2432,SC,OCONEE,0.403
2433,SC,ORANGEBURG,0.464
2434,SC,PICKENS,0.406
2435,SC,RICHLAND,0.534
2436,SC,SALUDA,0.272
2437,SC,SPARTANBURG,0.364
2438,SC,SUMTER,0.44
2439,SC,UNION,0.351
2440,SC,WILLIAMSBURG,0.483
2441,SC,YORK,0.417
2442,SD,AURORA,0.435
2443,SD,BEADLE,0.43
2444,SD,BENNETT,0.156
2445,SD,BON HOMME,0.478
2446,SD,BROOKINGS,0.443
2447,SD,BROWN,0.472
2448,SD,BRULE,0.364
2449,SD,BUFFALO,0.126
2450,SD,BUTTE,0.283
2451,SD,CAMPBELL,0.233
2452,SD,CHARLES MIX,0.36
2453,SD,CLARK,0.432
2454,SD,CLAY,0.478
2455,SD,CODINGTON,0.443
2456,SD,CORSON,0.071
2457,SD,CUSTER,0.387
2458,SD,DAVISON,0.492
2459,SD,DAY,0.514
2460,SD,DEUEL,0.39
2461,SD,DEWEY,0.062
2462,SD,DOUGLAS,0.418
2463,SD,EDMUNDS,0.404
2464,SD,FALL RIVER,0.406
2465,SD,FAULK,0.482
2466,SD,GRANT,0.45
2467,SD,GREGORY,0.401
2468,SD,HAAKON,0.27
2469,SD,HAMLIN,0.366
2470,SD,HAND,0.467
2471,SD,HANSON,0.199
2472,SD,HARDING,0.132
2473,SD,HUGHES,0.541
2474,SD,HUTCHINSON,0.517
2475,SD,HYDE,0.397
2476,SD,JACKSON,0.124
2477,SD,JERAULD,0.444
2478,SD,JONES,0.74
2479,SD,KINGSBURY,0.58
2480,SD,LAKE,0.433
2481,SD,LAWRENCE,0.404
2482,SD,LINCOLN,0.489
2483,SD,LYMAN,0.389
2484,SD,MCCOOK,0.462
2485,SD,MCPHERSON,0.386
2486,SD,MARSHALL,0.431
2487,SD,MEADE,0.269
2488,SD,MELLETTE,0.025
2489,SD,MINER,0.46
2490,SD,MINNEHAHA,0.522
2491,SD,MOODY,0.318
2492,SD,OGLALA LAKOTA,0.027
2493,SD,PENNINGTON,0.371
2494,SD,PERKINS,0.253
2495,SD,POTTER,0.499
2496,SD,ROBERTS,0.412
2497,SD,SANBORN,0.493
2498,SD,SPINK,0.475
2499,SD,STANLEY,0.455
2500,SD,SULLY,0.347
2501,SD,TODD,0.033
2502,SD,TRIPP,0.355
2503,SD,TURNER,0.436
2504,SD,UNION,0.27
2505,SD,WALWORTH,0.343
2506,SD,YANKTON,0.513
2507,SD,ZIEBACH,0.026
2508,TN,ANDERSON,0.484
2509,TN,BEDFORD,0.327
2510,TN,BENTON,0.409
2511,TN,BLEDSOE,0.292
2512,TN,BLOUNT,0.448
2513,TN,BRADLEY,0.344
2514,TN,CAMPBELL,0.352
2515,TN,CANNON,0.251
2516,TN,CARROLL,0.404
2517,TN,CARTER,0.332
2518,TN,CHEATHAM,0.41
2519,TN,CHESTER,0.304
2520,TN,CLAIBORNE,0.371
2521,TN,CLAY,0.324
2522,TN,COCKE,0.432
2523,TN,COFFEE,0.375
2524,TN,CROCKETT,0.386
2525,TN,CUMBERLAND,0.408
2526,TN,DAVIDSON,0.547
2527,TN,DECATUR,0.318
2528,TN,DEKALB,0.339
2529,TN,DICKSON,0.384
2530,TN,DYER,0.311
2531,TN,FAYETTE,0.485
2532,TN,FENTRESS,0.278
2533,TN,FRANKLIN,0.35
2534,TN,GIBSON,0.364
2535,TN,GILES,0.324
2536,TN,GRAINGER,0.413
2537,TN,GREENE,0.397
2538,TN,GRUNDY,0.226
2539,TN,HAMBLEN,0.351
2540,TN,HAMILTON,0.483
2541,TN,HANCOCK,0.277
2542,TN,HARDEMAN,0.38
2543,TN,HARDIN,0.343
2544,TN,HAWKINS,0.363
2545,TN,HAYWOOD,0.442
2546,TN,HENDERSON,0.364
2547,TN,HENRY,0.398
2548,TN,HICKMAN,0.343
2549,TN,HOUSTON,0.346
2550,TN,HUMPHREYS,0.337
2551,TN,JACKSON,0.419
2552,TN,JEFFERSON,0.445
2553,TN,JOHNSON,0.328
2554,TN,KNOX,0.519
2555,TN,LAKE,0.362
2556,TN,LAUDERDALE,0.366
2557,TN,LAWRENCE,0.305
2558,TN,LEWIS,0.296
2559,TN,LINCOLN,0.346
2560,TN,LOUDON,0.555
2561,TN,MCMINN,0.33
2562,TN,MCNAIRY,0.387
2563,TN,MACON,0.251
2564,TN,MADISON,0.55
2565,TN,MARION,0.385
2566,TN,MARSHALL,0.439
2567,TN,MAURY,0.531
2568,TN,MEIGS,0.57
2569,TN,MONROE,0.365
2570,TN,MONTGOMERY,0.317
2571,TN,MOORE,0.193
2572,TN,MORGAN,0.451
2573,TN,OBION,0.324
2574,TN,OVERTON,0.297
2575,TN,PERRY,0.324
2576,TN,PICKETT,0.381
2577,TN,POLK,0.358
2578,TN,PUTNAM,0.428
2579,TN,RHEA,0.365
2580,TN,ROANE,0.376
2581,TN,ROBERTSON,0.419
2582,TN,RUTHERFORD,0.424
2583,TN,SCOTT,0.42
2584,TN,SEQUATCHIE,0.282
2585,TN,SEVIER,0.419
2586,TN,SHELBY,0.464
2587,TN,SMITH,0.268
2588,TN,STEWART,0.338
2589,TN,SULLIVAN,0.454
2590,TN,SUMNER,0.398
2591,TN,TIPTON,0.319
2592,TN,TROUSDALE,0.309
2593,TN,UNICOI,0.458
2594,TN,UNION,0.307
2595,TN,VAN BUREN,0.469
2596,TN,WARREN,0.353
2597,TN,WASHINGTON,0.524
2598,TN,WAYNE,0.386
2599,TN,WEAKLEY,0.307
2600,TN,WHITE,0.358
2601,TN,WILLIAMSON,0.569
2602,TN,WILSON,0.433
2603,TX,ANDERSON,0.357
2604,TX,ANDREWS,0.373
2605,TX,ANGELINA,0.38
2606,TX,ARANSAS,0.559
2607,TX,ARCHER,0.414
2608,TX,ARMSTRONG,0.357
2609,TX,ATASCOSA,0.43
2610,TX,AUSTIN,0.45
2611,TX,BAILEY,0.36
2612,TX,BANDERA,0.408
2613,TX,BASTROP,0.51
2614,TX,BAYLOR,0.36
2615,TX,BEE,0.431
2616,TX,BELL,0.342
2617,TX,BEXAR,0.572
2618,TX,BLANCO,0.492
2619,TX,BORDEN,0.281
2620,TX,BOSQUE,0.396
2621,TX,BOWIE,0.305
2622,TX,BRAZORIA,0.508
2623,TX,BRAZOS,0.469
2624,TX,BREWSTER,0.527
2625,TX,BRISCOE,0.355
2626,TX,BROOKS,0.571
2627,TX,BROWN,0.345
2628,TX,BURLESON,0.413
2629,TX,BURNET,0.461
2630,TX,CALDWELL,0.473
2631,TX,CALHOUN,0.482
2632,TX,CALLAHAN,0.321
2633,TX,CAMERON,0.673
2634,TX,CAMP,0.357
2635,TX,CARSON,0.293
2636,TX,CASS,0.295
2637,TX,CASTRO,0.364
2638,TX,CHAMBERS,0.409
2639,TX,CHEROKEE,0.318
2640,TX,CHILDRESS,0.439
2641,TX,CLAY,0.373
2642,TX,COCHRAN,0.341
2643,TX,COKE,0.345
2644,TX,COLEMAN,0.333
2645,TX,COLLIN,0.605
2646,TX,COLLINGSWORTH,0.3
2647,TX,COLORADO,0.467
2648,TX,COMAL,0.55
2649,TX,COMANCHE,0.384
2650,TX,CONCHO,0.474
2651,TX,COOKE,0.348
2652,TX,CORYELL,0.327
2653,TX,COTTLE,0.351
2654,TX,CRANE,0.331
2655,TX,CROCKETT,0.384
2656,TX,CROSBY,0.392
2657,TX,CULBERSON,0.498
2658,TX,DALLAM,0.409
2659,TX,DALLAS,0.528
2660,TX,DAWSON,0.298
2661,TX,DEAF SMITH,0.359
2662,TX,DELTA,0.291
2663,TX,DENTON,0.552
2664,TX,DEWITT,0.389
2665,TX,DICKENS,0.285
2666,TX,DIMMIT,0.761
2667,TX,DONLEY,0.343
2668,TX,DUVAL,0.578
2669,TX,EASTLAND,0.311
2670,TX,ECTOR,0.362
2671,TX,EDWARDS,0.334
2672,TX,ELLIS,0.45
2673,TX,EL PASO,0.679
2674,TX,ERATH,0.306
2675,TX,FALLS,0.382
2676,TX,FANNIN,0.344
2677,TX,FAYETTE,0.474
2678,TX,FISHER,0.313
2679,TX,FLOYD,0.382
2680,TX,FOARD,0.397
2681,TX,FORT BEND,0.642
2682,TX,FRANKLIN,0.32
2683,TX,FREESTONE,0.325
2684,TX,FRIO,0.418
2685,TX,GAINES,0.174
2686,TX,GALVESTON,0.525
2687,TX,GARZA,0.462
2688,TX,GILLESPIE,0.495
2689,TX,GLASSCOCK,0.378
2690,TX,GOLIAD,0.373
2691,TX,GONZALES,0.412
2692,TX,GRAY,0.331
2693,TX,GRAYSON,0.377
2694,TX,GREGG,0.389
2695,TX,GRIMES,0.459
2696,TX,GUADALUPE,0.481
2697,TX,HALE,0.348
2698,TX,HALL,0.39
2699,TX,HAMILTON,0.432
2700,TX,HANSFORD,0.366
2701,TX,HARDEMAN,0.386
2702,TX,HARDIN,0.318
2703,TX,HARRIS,0.549
2704,TX,HARRISON,0.325
2705,TX,HARTLEY,0.467
2706,TX,HASKELL,0.365
2707,TX,HAYS,0.566
2708,TX,HEMPHILL,0.379
2709,TX,HENDERSON,0.347
2710,TX,HIDALGO,0.648
2711,TX,HILL,0.353
2712,TX,HOCKLEY,0.368
2713,TX,HOOD,0.435
2714,TX,HOPKINS,0.333
2715,TX,HOUSTON,0.362
2716,TX,HOWARD,0.303
2717,TX,HUDSPETH,0.624
2718,TX,HUNT,0.351
2719,TX,HUTCHINSON,0.303
2720,TX,IRION,0.364
2721,TX,JACK,0.321
2722,TX,JACKSON,0.383
2723,TX,JASPER,0.314
2724,TX,JEFF DAVIS,0.518
2725,TX,JEFFERSON,0.418
2726,TX,JIM HOGG,0.552
2727,TX,JIM WELLS,0.505
2728,TX,JOHNSON,0.389
2729,TX,JONES,0.379
2730,TX,KARNES,0.456
2731,TX,KAUFMAN,0.438
2732,TX,KENDALL,0.561
2733,TX,KENEDY,0.51
2734,TX,KENT,0.348
2735,TX,KERR,0.432
2736,TX,KIMBLE,0.403
2737,TX,KING,0.162
2738,TX,KINNEY,0.416
2739,TX,KLEBERG,0.582
2740,TX,KNOX,0.343
2741,TX,LAMAR,0.33
2742,TX,LAMB,0.373
2743,TX,LAMPASAS,0.385
2744,TX,LA SALLE,0.58
2745,TX,LAVACA,0.383
2746,TX,LEE,0.418
2747,TX,LEON,0.34
2748,TX,LIBERTY,0.363
2749,TX,LIMESTONE,0.339
2750,TX,LIPSCOMB,0.273
2751,TX,LIVE OAK,0.291
2752,TX,LLANO,0.477
2753,TX,LOVING,0.201
2754,TX,LUBBOCK,0.427
2755,TX,LYNN,0.347
2756,TX,MCCULLOCH,0.319
2757,TX,MCLENNAN,0.425
2758,TX,MCMULLEN,0.39
2759,TX,MADISON,0.363
2760,TX,MARION,0.355
2761,TX,MARTIN,0.287
2762,TX,MASON,0.428
2763,TX,MATAGORDA,0.42
2764,TX,MAVERICK,0.711
2765,TX,MEDINA,0.477
2766,TX,MENARD,0.436
2767,TX,MIDLAND,0.369
2768,TX,MILAM,0.385
2769,TX,MILLS,0.374
2770,TX,MITCHELL,0.305
2771,TX,MONTAGUE,0.315
2772,TX,MONTGOMERY,0.492
2773,TX,MOORE,0.412
2774,TX,MORRIS,0.36
2775,TX,MOTLEY,0.32
2776,TX,NACOGDOCHES,0.39
2777,TX,NAVARRO,0.401
2778,TX,NEWTON,0.211
2779,TX,NOLAN,0.373
2780,TX,NUECES,0.506
2781,TX,OCHILTREE,0.333
2782,TX,OLDHAM,0.298
2783,TX,ORANGE,0.309
2784,TX,PALO PINTO,0.326
2785,TX,PANOLA,0.278
2786,TX,PARKER,0.394
2787,TX,PARMER,0.349
2788,TX,PECOS,0.512
2789,TX,POLK,0.375
2790,TX,POTTER,0.386
2791,TX,PRESIDIO,0.85
2792,TX,RAINS,0.309
2793,TX,RANDALL,0.398
2794,TX,REAGAN,0.321
2795,TX,REAL,0.425
2796,TX,RED RIVER,0.329
2797,TX,REEVES,0.564
2798,TX,REFUGIO,0.485
2799,TX,ROBERTS,0.247
2800,TX,ROBERTSON,0.385
2801,TX,ROCKWALL,0.524
2802,TX,RUNNELS,0.378
2803,TX,RUSK,0.321
2804,TX,SABINE,0.323
2805,TX,SAN AUGUSTINE,0.381
2806,TX,SAN JACINTO,0.296
2807,TX,SAN PATRICIO,0.494
2808,TX,SAN SABA,0.324
2809,TX,SCHLEICHER,0.378
2810,TX,SCURRY,0.38
2811,TX,SHACKELFORD,0.328
2812,TX,SHELBY,0.288
2813,TX,SHERMAN,0.322
2814,TX,SMITH,0.393
2815,TX,SOMERVELL,0.374
2816,TX,STARR,0.682
2817,TX,STEPHENS,0.308
2818,TX,STERLING,0.331
2819,TX,STONEWALL,0.361
2820,TX,SUTTON,0.386
2821,TX,SWISHER,0.339
2822,TX,TARRANT,0.494
2823,TX,TAYLOR,0.395
2824,TX,TERRELL,0.495
2825,TX,TERRY,0.374
2826,TX,THROCKMORTON,0.378
2827,TX,TITUS,0.351
2828,TX,TOM GREEN,0.403
2829,TX,TRAVIS,0.64
2830,TX,TRINITY,0.372
2831,TX,TYLER,0.317
2832,TX,UPSHUR,0.281
2833,TX,UPTON,0.359
2834,TX,UVALDE,0.47
2835,TX,VAL VERDE,0.593
2836,TX,VAN ZANDT,0.315
2837,TX,VICTORIA,0.421
2838,TX,WALKER,0.436
2839,TX,WALLER,0.37
2840,TX,WARD,0.347
2841,TX,WASHINGTON,0.457
2842,TX,WEBB,0.738
2843,TX,WHARTON,0.441
2844,TX,WHEELER,0.339
2845,TX,WICHITA,0.387
2846,TX,WILBARGER,0.426
2847,TX,WILLACY,0.57
2848,TX,WILLIAMSON,0.608
2849,TX,WILSON,0.445
2850,TX,WINKLER,0.322
2851,TX,WISE,0.333
2852,TX,WOOD,0.377
2853,TX,YOAKUM,0.352
2854,TX,YOUNG,0.335
2855,TX,ZAPATA,0.57
2856,TX,ZAVALA,0.465
2857,UT,BEAVER,0.388
2858,UT,BOX ELDER,0.414
2859,UT,CACHE,0.487
2860,UT,CARBON,0.43
2861,UT,DAGGETT,0.579
2862,UT,DAVIS,0.536
2863,UT,DUCHESNE,0.374
2864,UT,EMERY,0.376
2865,UT,GARFIELD,0.498
2866,UT,GRAND,0.634
2867,UT,IRON,0.367
2868,UT,JUAB,0.319
2869,UT,KANE,0.428
2870,UT,MILLARD,0.373
2871,UT,MORGAN,0.427
2872,UT,PIUTE,0.349
2873,UT,RICH,0.461
2874,UT,SALT LAKE,0.598
2875,UT,SAN JUAN,0.53
2876,UT,SANPETE,0.335
2877,UT,SEVIER,0.348
2878,UT,SUMMIT,0.802
2879,UT,TOOELE,0.478
2880,UT,UINTAH,0.372
2881,UT,UTAH,0.458
2882,UT,WASATCH,0.498
2883,UT,WASHINGTON,0.436
2884,UT,WAYNE,0.466
2885,UT,WEBER,0.491
2886,VA,ACCOMACK,0.519
2887,VA,ALBEMARLE,0.69
2888,VA,ALLEGHANY,0.503
2889,VA,AMELIA,0.44
2890,VA,AMHERST,0.447
2891,VA,APPOMATTOX,0.415
2892,VA,ARLINGTON,0.627
2893,VA,AUGUSTA,0.503
2894,VA,BATH,0.495
2895,VA,BEDFORD,0.46
2896,VA,BLAND,0.42
2897,VA,BOTETOURT,0.54
2898,VA,BRUNSWICK,0.426
2899,VA,BUCHANAN,0.43
2900,VA,BUCKINGHAM,0.47
2901,VA,CAMPBELL,0.437
2902,VA,CAROLINE,0.452
2903,VA,CARROLL,0.359
2904,VA,CHARLES CITY,0.558
2905,VA,CHARLOTTE,0.449
2906,VA,CHESTERFIELD,0.572
2907,VA,CLARKE,0.566
2908,VA,CRAIG,0.395
2909,VA,CULPEPER,0.507
2910,VA,CUMBERLAND,0.434
2911,VA,DICKENSON,0.432
2912,VA,DINWIDDIE,0.412
2913,VA,ESSEX,0.525
2914,VA,FAIRFAX,0.649
2915,VA,FAUQUIER,0.574
2916,VA,FLOYD,0.447
2917,VA,FLUVANNA,0.596
2918,VA,FRANKLIN,0.431
2919,VA,FREDERICK,0.49
2920,VA,GILES,0.476
2921,VA,GLOUCESTER,0.514
2922,VA,GOOCHLAND,0.657
2923,VA,GRAYSON,0.407
2924,VA,GREENE,0.563
2925,VA,GREENSVILLE,0.411
2926,VA,HALIFAX,0.422
2927,VA,HANOVER,0.607
2928,VA,HENRICO,0.606
2929,VA,HENRY,0.432
2930,VA,HIGHLAND,0.526
2931,VA,ISLE OF WIGHT,0.548
2932,VA,JAMES CITY,0.632
2933,VA,KING AND QUEEN,0.494
2934,VA,KING GEORGE,0.435
2935,VA,KING WILLIAM,0.49
2936,VA,LANCASTER,0.634
2937,VA,LEE,0.343
2938,VA,LOUDOUN,0.639
2939,VA,LOUISA,0.503
2940,VA,LUNENBURG,0.453
2941,VA,MADISON,0.51
2942,VA,MATHEWS,0.555
2943,VA,MECKLENBURG,0.458
2944,VA,MIDDLESEX,0.584
2945,VA,MONTGOMERY,0.488
2946,VA,NELSON,0.608
2947,VA,NEW KENT,0.516
2948,VA,NORTHAMPTON,0.655
2949,VA,NORTHUMBERLAND,0.588
2950,VA,NOTTOWAY,0.457
2951,VA,ORANGE,0.5
2952,VA,PAGE,0.405
2953,VA,PATRICK,0.362
2954,VA,PITTSYLVANIA,0.428
2955,VA,POWHATAN,0.499
2956,VA,PRINCE EDWARD,0.396
2957,VA,PRINCE GEORGE,0.373
2958,VA,PRINCE WILLIAM,0.584
2959,VA,PULASKI,0.465
2960,VA,RAPPAHANNOCK,0.559
2961,VA,RICHMOND,0.463
2962,VA,ROANOKE,0.599
2963,VA,ROCKBRIDGE,0.522
2964,VA,ROCKINGHAM,0.476
2965,VA,RUSSELL,0.447
2966,VA,SCOTT,0.383
2967,VA,SHENANDOAH,0.48
2968,VA,SMYTH,0.462
2969,VA,SOUTHAMPTON,0.452
2970,VA,SPOTSYLVANIA,0.494
2971,VA,STAFFORD,0.486
2972,VA,SURRY,0.522
2973,VA,SUSSEX,0.42
2974,VA,TAZEWELL,0.387
2975,VA,WARREN,0.44
2976,VA,WASHINGTON,0.472
2977,VA,WESTMORELAND,0.513
2978,VA,WISE,0.419
2979,VA,WYTHE,0.395
2980,VA,YORK,0.548
2981,VA,ALEXANDRIA CITY,0.616
2982,VA,BRISTOL CITY,0.436
2983,VA,BUENA VISTA CITY,0.481
2984,VA,CHARLOTTESVILLE CITY,0.602
2985,VA,CHESAPEAKE CITY,0.492
2986,VA,COLONIAL HEIGHTS CITY,0.495
2987,VA,COVINGTON CITY,0.461
2988,VA,DANVILLE CITY,0.458
2989,VA,EMPORIA CITY,0.417
2990,VA,FAIRFAX CITY,0.68
2991,VA,FALLS CHURCH CITY,0.659
2992,VA,FRANKLIN CITY,0.514
2993,VA,FREDERICKSBURG CITY,0.471
2994,VA,GALAX CITY,0.496
2995,VA,HAMPTON CITY,0.472
2996,VA,HARRISONBURG CITY,0.477
2997,VA,HOPEWELL CITY,0.408
2998,VA,LEXINGTON CITY,0.497
2999,VA,LYNCHBURG CITY,0.41
3002,VA,MARTINSVILLE CITY,0.513
3003,VA,NEWPORT NEWS CITY,0.463
3004,VA,NORFOLK CITY,0.403
3005,VA,NORTON CITY,0.462
3006,VA,PETERSBURG CITY,0.452
3007,VA,POQUOSON CITY,0.579
3008,VA,PORTSMOUTH CITY,0.422
3009,VA,RADFORD CITY,0.445
3010,VA,RICHMOND CITY,0.487
3011,VA,ROANOKE CITY,0.5
3012,VA,SALEM CITY,0.559
3013,VA,STAUNTON CITY,0.589
3014,VA,SUFFOLK CITY,0.48
3015,VA,VIRGINIA BEACH CITY,0.517
3016,VA,WAYNESBORO CITY,0.545
3017,VA,WILLIAMSBURG CITY,0.495
3018,VA,WINCHESTER CITY,0.556
3019,VT,ADDISON,0.741
3020,VT,BENNINGTON,0.702
3021,VT,CALEDONIA,0.63
3022,VT,CHITTENDEN,0.763
3023,VT,ESSEX,0.523
3024,VT,FRANKLIN,0.636
3025,VT,GRAND ISLE,0.76
3026,VT,LAMOILLE,0.751
3027,VT,ORANGE,0.654
3028,VT,ORLEANS,0.62
3029,VT,RUTLAND,0.703
3030,VT,WASHINGTON,0.746
3031,VT,WINDHAM,0.689
3032,VT,WINDSOR,0.678
3033,WA,ADAMS,0.446
3034,WA,ASOTIN,0.349
3035,WA,BENTON,0.509
3036,WA,CHELAN,0.614
3037,WA,CLALLAM,0.618
3038,WA,CLARK,0.583
3039,WA,COLUMBIA,0.401
3040,WA,COWLITZ,0.537
3041,WA,DOUGLAS,0.526
3042,WA,FERRY,0.498
3043,WA,FRANKLIN,0.419
3044,WA,GARFIELD,0.374
3045,WA,GRANT,0.46
3046,WA,GRAYS HARBOR,0.525
3047,WA,ISLAND,0.621
3048,WA,JEFFERSON,0.709
3049,WA,KING,0.736
3050,WA,KITSAP,0.605
3051,WA,KITTITAS,0.499
3052,WA,KLICKITAT,0.444
3053,WA,LEWIS,0.454
3054,WA,LINCOLN,0.432
3055,WA,MASON,0.525
3056,WA,OKANOGAN,0.605
3057,WA,PACIFIC,0.503
3058,WA,PEND OREILLE,0.352
3059,WA,PIERCE,0.577
3060,WA,SAN JUAN,0.754
3061,WA,SKAGIT,0.604
3062,WA,SKAMANIA,0.36
3063,WA,SNOHOMISH,0.646
3064,WA,SPOKANE,0.549
3065,WA,STEVENS,0.346
3066,WA,THURSTON,0.579
3067,WA,WAHKIAKUM,0.451
3068,WA,WALLA WALLA,0.562
3069,WA,WHATCOM,0.71
3070,WA,WHITMAN,0.442
3071,WA,YAKIMA,0.531
3072,WI,ADAMS,0.494
3073,WI,ASHLAND,0.605
3074,WI,BARRON,0.466
3075,WI,BAYFIELD,0.747
3076,WI,BROWN,0.548
3077,WI,BUFFALO,0.45
3078,WI,BURNETT,0.52
3079,WI,CALUMET,0.484
3080,WI,CHIPPEWA,0.491
3081,WI,CLARK,0.313
3082,WI,COLUMBIA,0.585
3083,WI,CRAWFORD,0.506
3084,WI,DANE,0.739
3085,WI,DODGE,0.445
3086,WI,DOOR,0.7
3087,WI,DOUGLAS,0.412
3088,WI,DUNN,0.424
3089,WI,EAU CLAIRE,0.537
3090,WI,FLORENCE,0.41
3091,WI,FOND DU LAC,0.474
3092,WI,FOREST,0.51
3093,WI,GRANT,0.488
3094,WI,GREEN,0.563
3095,WI,GREEN LAKE,0.468
3096,WI,IOWA,0.62
3097,WI,IRON,0.535
3098,WI,JACKSON,0.433
3099,WI,JEFFERSON,0.497
3100,WI,JUNEAU,0.469
3101,WI,KENOSHA,0.518
3102,WI,KEWAUNEE,0.445
3103,WI,LA CROSSE,0.601
3104,WI,LAFAYETTE,0.532
3105,WI,LANGLADE,0.468
3106,WI,LINCOLN,0.486
3107,WI,MANITOWOC,0.522
3108,WI,MARATHON,0.517
3109,WI,MARINETTE,0.443
3110,WI,MARQUETTE,0.467
3111,WI,MENOMINEE,0.576
3112,WI,MILWAUKEE,0.546
3113,WI,MONROE,0.455
3114,WI,OCONTO,0.456
3115,WI,ONEIDA,0.584
3116,WI,OUTAGAMIE,0.547
3117,WI,OZAUKEE,0.638
3118,WI,PEPIN,0.442
3119,WI,PIERCE,0.398
3120,WI,POLK,0.453
3121,WI,PORTAGE,0.54
3122,WI,PRICE,0.532
3123,WI,RACINE,0.514
3124,WI,RICHLAND,0.526
3125,WI,ROCK,0.609
3126,WI,RUSK,0.354
3127,WI,ST. CROIX,0.437
3128,WI,SAUK,0.561
3129,WI,SAWYER,0.528
3130,WI,SHAWANO,0.461
3131,WI,SHEBOYGAN,0.53
3132,WI,TAYLOR,0.296
3133,WI,TREMPEALEAU,0.56
3134,WI,VERNON,0.485
3135,WI,VILAS,0.576
3136,WI,WALWORTH,0.471
3137,WI,WASHBURN,0.569
3138,WI,WASHINGTON,0.497
3139,WI,WAUKESHA,0.613
3140,WI,WAUPACA,0.457
3141,WI,WAUSHARA,0.382
3142,WI,WINNEBAGO,0.523
3143,WI,WOOD,0.527
3144,WV,BARBOUR,0.418
3145,WV,BERKELEY,0.394
3146,WV,BOONE,0.456
3147,WV,BRAXTON,0.443
3148,WV,BROOKE,0.414
3149,WV,CABELL,0.513
3150,WV,CALHOUN,0.375
3151,WV,CLAY,0.412
3152,WV,DODDRIDGE,0.517
3153,WV,FAYETTE,0.511
3154,WV,GILMER,0.335
3155,WV,GRANT,0.375
3156,WV,GREENBRIER,0.486
3157,WV,HAMPSHIRE,0.363
3158,WV,HANCOCK,0.545
3159,WV,HARDY,0.47
3160,WV,HARRISON,0.433
3161,WV,JACKSON,0.436
3162,WV,JEFFERSON,0.483
3163,WV,KANAWHA,0.59
3164,WV,LEWIS,0.494
3165,WV,LINCOLN,0.437
3166,WV,LOGAN,0.502
3167,WV,MCDOWELL,0.395
3168,WV,MARION,0.49
3169,WV,MARSHALL,0.403
3170,WV,MASON,0.346
3171,WV,MERCER,0.439
3172,WV,MINERAL,0.378
3173,WV,MINGO,0.278
3174,WV,MONONGALIA,0.526
3175,WV,MONROE,0.383
3176,WV,MORGAN,0.303
3177,WV,NICHOLAS,0.445
3178,WV,OHIO,0.554
3179,WV,PENDLETON,0.474
3180,WV,PLEASANTS,0.421
3181,WV,POCAHONTAS,0.469
3182,WV,PRESTON,0.391
3183,WV,PUTNAM,0.513
3184,WV,RALEIGH,0.473
3185,WV,RANDOLPH,0.475
3186,WV,RITCHIE,0.402
3187,WV,ROANE,0.421
3188,WV,SUMMERS,0.402
3189,WV,TAYLOR,0.401
3190,WV,TUCKER,0.544
3191,WV,TYLER,0.35
3192,WV,UPSHUR,0.428
3193,WV,WAYNE,0.44
3194,WV,WEBSTER,0.418
3195,WV,WETZEL,0.462
3196,WV,WIRT,0.368
3197,WV,WOOD,0.458
3198,WV,WYOMING,0.447
3199,WY,ALBANY,0.489
3200,WY,BIG HORN,0.306
3201,WY,CAMPBELL,0.231
3202,WY,CARBON,0.41
3203,WY,CONVERSE,0.279
3204,WY,CROOK,0.24
3205,WY,FREMONT,0.513
3206,WY,GOSHEN,0.323
3207,WY,HOT SPRINGS,0.396
3208,WY,JOHNSON,0.37
3209,WY,LARAMIE,0.469
3210,WY,LINCOLN,0.325
3211,WY,NATRONA,0.38
3212,WY,NIOBRARA,0.255
3213,WY,PARK,0.405
3214,WY,PLATTE,0.338
3215,WY,SHERIDAN,0.438
3216,WY,SUBLETTE,0.294
3217,WY,SWEETWATER,0.379
3218,WY,TETON,0.829
3219,WY,UINTA,0.381
3220,WY,WASHAKIE,0.341
3221,WY,WESTON,0.298
